-- phpMyAdmin SQL Dump
-- version 4.8.2
-- https://www.phpmyadmin.net/
--
-- Host: localhost
-- Generation Time: Aug 03, 2018 at 02:48 PM
-- Server version: 10.1.34-MariaDB
-- PHP Version: 7.2.7

SET SQL_MODE = "NO_AUTO_VALUE_ON_ZERO";
SET AUTOCOMMIT = 0;
START TRANSACTION;
SET time_zone = "+00:00";


/*!40101 SET @OLD_CHARACTER_SET_CLIENT=@@CHARACTER_SET_CLIENT */;
/*!40101 SET @OLD_CHARACTER_SET_RESULTS=@@CHARACTER_SET_RESULTS */;
/*!40101 SET @OLD_COLLATION_CONNECTION=@@COLLATION_CONNECTION */;
/*!40101 SET NAMES utf8mb4 */;

--
-- Database: `db_inventory`
--

-- --------------------------------------------------------

--
-- Table structure for table `tbl_brand`
--

CREATE TABLE `tbl_brand` (
  `id_brand` int(10) NOT NULL,
  `nama_brand` varchar(30) NOT NULL,
  `kode_brand` varchar(10) NOT NULL
) ENGINE=InnoDB DEFAULT CHARSET=latin1;

--
-- Dumping data for table `tbl_brand`
--

INSERT INTO `tbl_brand` (`id_brand`, `nama_brand`, `kode_brand`) VALUES
(1, 'WARDAH', '10'),
(2, 'MAKE OVER', '11'),
(3, 'EMINA', '12'),
(4, '', '');

-- --------------------------------------------------------

--
-- Table structure for table `tbl_detail`
--

CREATE TABLE `tbl_detail` (
  `id_detail` int(100) NOT NULL,
  `nama_detail` varchar(100) NOT NULL
) ENGINE=InnoDB DEFAULT CHARSET=latin1;

--
-- Dumping data for table `tbl_detail`
--

INSERT INTO `tbl_detail` (`id_detail`, `nama_detail`) VALUES
(1, '30x37x25 cm'),
(2, ''),
(3, 'CM'),
(4, 'CM MINI - 80x30x170'),
(5, 'WALLPAPER FLORAL'),
(6, 'CM - 100X30X170'),
(7, 'CM - PLUS MEJA RIAS'),
(8, '200x147'),
(9, '4X2.4'),
(10, '6X3'),
(11, 'EX PRJ - 150X240'),
(12, 'EX SENTUL - 100X280'),
(13, 'EX SMESCO - 150X150'),
(14, 'BACKDROP VISUAL'),
(15, 'BACKDROP VISUAL (NonPenta)'),
(16, '207X40X250'),
(17, 'BAR - HITAM'),
(18, 'BAR - PUTIH'),
(19, '200x126x40 cm'),
(20, 'PUTIH'),
(21, 'MAKEUP CHAIR (NonPenta)'),
(22, 'CM BOX - 40X40X40'),
(23, 'SIDE BOX'),
(24, 'SIDE BOX (NoPenta)'),
(25, 'EX JOB FAIR'),
(26, '60x100x75'),
(27, '150x50x90'),
(28, '150x50x120'),
(29, 'CM KURSI - 40X40X40'),
(30, 'CM - BLUE'),
(31, 'CM - PINK'),
(32, 'CM - YELLOW'),
(33, 'CM - 120X50X90'),
(34, 'BIRU DENGAN LCD'),
(35, 'PINK'),
(36, 'FLYER RACK'),
(37, 'CM - 50X40X155'),
(38, 'CM - 40X35X150'),
(39, 'FSU LDC'),
(40, 'FSU LDC (NonPenta)'),
(41, 'GONDOLA EX YOGYA PEMALANG'),
(42, 'GONDOLA'),
(43, 'ID - 120X50X135'),
(44, 'ROTAN PUTIH'),
(45, 'CM KURSI - 120X40X40'),
(46, 'LEC - 21 INC'),
(47, 'LEMARI - 120x100x50'),
(48, 'LEMARI'),
(49, 'CM - 100X100X5'),
(50, 'MEJA BULAT KACA'),
(51, 'MEJA KASIR STORAGE'),
(52, 'MEJA KASIR STORAGE (NonPenta)'),
(53, 'MEJA KASIR'),
(54, 'L'),
(55, 'MEJA RECRUITMENT'),
(56, '1M'),
(57, '2M'),
(58, 'CM - 100X50X150'),
(59, 'CM - 80X30X170'),
(60, 'MAKEUP TABLE'),
(61, 'MAKEUP TABLE (NoPenta)'),
(62, 'TWIN - 100X80X150'),
(63, 'EX CIWALK'),
(64, 'ID - 80X30X170'),
(65, 'TWIN - 200X80X150'),
(66, 'TOWER CM'),
(67, 'TOWER CM (NonPenta)'),
(68, 'ID'),
(69, 'UNDAK TYPE 1 - Besar'),
(70, 'UNDAK TYPE 2 - Sedang'),
(71, 'UNDAK TYPE 3 - Kecil'),
(72, '1.5 X 2.4'),
(73, 'BERPINTU'),
(74, 'GEROBAK DISPLAY (NonPenta)'),
(75, 'RAK POHON COKLAT'),
(76, 'SHOWCASE'),
(77, 'VINYL - 2pcs x 2x1'),
(78, 'STANDING LCD'),
(79, 'CM - 45X30X63'),
(80, 'CM - 40X40X120'),
(81, 'END GONDOLA'),
(82, 'TOWER ID'),
(83, 'CM - 120x60x100'),
(84, 'ID - 120X50X90'),
(85, 'ID CANOPY - 120X50X220'),
(86, 'COUNTER ISLAND'),
(87, 'MEJA CM OVAL'),
(88, '200X30X200'),
(89, 'LIGHTBOX VIISUAL\n(ESTU)'),
(90, 'LIGHTBOX VIISUAL\n(ARNIKA YARA)'),
(91, 'MAKEUP CHAIR'),
(92, 'Bar – Janinge'),
(93, 'UNDAK TYPE 1 – Besar'),
(94, 'MEJA KASIR STORAGE\n(ARNIKA YARA)'),
(95, 'MEJA KASIR STORAGE\n(ESTU)'),
(96, 'ID – 60X40X140'),
(97, 'MAKE UP TABLE\n(ESTU)'),
(98, 'MAKE UP TABLE\n(ARNIKA YARA)'),
(99, 'GEROBAK DISPLAY (ESTU)'),
(100, 'GAWANGAN'),
(101, 'SIDE BOX\n(ARNIKA YARA)'),
(102, 'SIDE BOX\n(ESTU)'),
(103, 'CM 2012'),
(104, 'TOWER CM\n(ESTU)'),
(105, 'TOWER CM\n(ARNIKA YARA)'),
(106, 'BAR – KENTUCKY'),
(107, 'BAR – GLENN'),
(108, 'DUMMY'),
(109, 'STANDING LCD 50 INCH'),
(110, 'LIGHTBOX VISUAL'),
(111, 'MEJA KASIR ID'),
(112, 'MEJA LIPAT'),
(113, 'MEJA TESTER 140CM'),
(114, 'MEJA TOWER MOODLOOK'),
(115, 'BOOTH 2017'),
(116, 'TOWER'),
(117, 'FRAME VISUAL'),
(118, 'MEJA TESTER SKIN CARE'),
(119, 'MEJA DISPLAY'),
(120, 'MANNEQUIN STAGE'),
(121, 'ID CERMIN'),
(122, 'Counter Kiosk'),
(123, 'TOWER LIPSTICK'),
(124, 'NEON SLING BIBIR'),
(125, 'NEON SLING LIPS ON CLICK'),
(126, 'Whell of swatch kecil'),
(127, 'Whell of swatch besar'),
(128, '500X400X10 CM'),
(129, 'MEJA TESTER LIST FUSCHIA'),
(130, 'KURSI SUTRADARA'),
(131, 'FIXTURE A+MEJA RIAS'),
(132, 'TWIN 2014'),
(133, 'VISUAL STANDING EX CP'),
(134, 'BOWLING HOLE'),
(135, 'MEJA RIAS PUTIH'),
(136, 'Canopy Rumah 2x2m');

-- --------------------------------------------------------

--
-- Table structure for table `tbl_fixture`
--

CREATE TABLE `tbl_fixture` (
  `id_fixture` int(10) NOT NULL,
  `nama_fixture` varchar(50) NOT NULL,
  `kode_fixture` varchar(10) NOT NULL
) ENGINE=InnoDB DEFAULT CHARSET=latin1;

--
-- Dumping data for table `tbl_fixture`
--

INSERT INTO `tbl_fixture` (`id_fixture`, `nama_fixture`, `kode_fixture`) VALUES
(1, 'ACRYLIC GRAND TESTER PEARL', '015'),
(2, 'BACKDROP 2010', '001'),
(3, 'BACKDROP 2011', '001'),
(4, 'BACKDROP', '001'),
(5, 'BACKDROP MINI 2013', '001'),
(6, 'BACKDROP MINI 2015', '001'),
(7, 'BACKDROP 2012', '001'),
(8, 'BACKDROP EX PEJATEN 2012', '001'),
(9, 'BACKDROP WALLPAPER FLORAL 2013', '001'),
(10, 'BACKDROP 2016', '001'),
(11, 'BACKDROP MEJA RIAS 2015', '001'),
(12, 'BACKDROP MEJA RIAS 2016', '001'),
(13, 'BACKDROP ISLA MODE MDS', '001'),
(14, 'BACKDROP 4X2,4M', '001'),
(15, 'BACKDROP 6X3M', '001'),
(16, 'BACKDROP EX PRJ 150X240CM', '001'),
(17, 'BACKDROP EX SENTUL 100X280 CM', '001'),
(18, 'BACKDROP EX SMESCO 150X150 CM', '001'),
(19, 'BACKWALL', '013'),
(20, 'BARSTOOL 2013', '002'),
(21, 'BAR STOOL HITAM', '002'),
(22, 'BAR STOOL PUTIH', '002'),
(23, 'BARSTOOL 2015', '002'),
(24, 'MEJA TESTER', '004'),
(25, 'MAKEUP CHAIR', '002'),
(26, 'BARSTOOL PUTIH', '002'),
(27, '', ''),
(28, 'BOX STORAGE 2013', '003'),
(29, 'BOX STORAGE 2015', '003'),
(30, 'SIDE STORAGE 2016', '003'),
(31, 'BOX STORAGE 2016', '003'),
(32, 'CONSULT TABLE', '007'),
(33, 'CUBIC CHAIR 2012', '003'),
(34, 'DISPLAY TABLE BLUE 2016', '004'),
(35, 'DISPLAY TABLE PINK 2016', '004'),
(36, 'DISPLAY TABLE YELLOW 2016', '004'),
(37, 'MEJA TESTER 2012', '004'),
(38, 'FLOOR STAND BLUE WITH LCD 2015', '005'),
(39, 'FLOOR STAND BLUE WITH LCD 2016', '005'),
(40, 'FLOOR STAND PINK 2015', '005'),
(41, 'FLOOR STAND PINK 2016', '005'),
(42, 'FLYER RACK 2012', '012'),
(43, 'FSU 2010', '005'),
(44, 'FSU 2015', '005'),
(45, 'FSU 2011', '005'),
(46, 'FSU 2013', '005'),
(47, 'FSU CAMPAIGN 2016', '005'),
(48, 'GONDOLA', '014'),
(49, 'GONDOLA ID 2011', '014'),
(50, 'KURSI ROTAN PUTIH 2013', '002'),
(51, 'KURSI STORAGE 2012', '003'),
(52, 'LEC', '012'),
(53, 'LEMARI STORAGE 2012', '003'),
(54, 'LEVEL', '009'),
(55, 'LEVEL 2012', '009'),
(56, 'MEJA KACA BULAT', '012'),
(57, 'MEJA KASIR 2016', '012'),
(58, 'MEJA KASIR TOKO', '012'),
(59, 'MEJA KONSULTASI 2011', '007'),
(60, 'MEJA L 2011', '004'),
(61, 'MEJA RECRUITMENT', '004'),
(62, 'MEJA RIAS 2011', '006'),
(63, 'MEJA TESTER 2013', '004'),
(64, 'MEJA TESTER 2015', '004'),
(65, 'MEJA RIAS 2013', '006'),
(66, 'MEJA RIAS 2015', '006'),
(67, 'MEJA TESTER 2016', '004'),
(68, 'MEJA RIAS 2012', '006'),
(69, 'MEJA RIAS 2016', '006'),
(70, 'MEJA RIAS 2M 2012', '006'),
(71, 'MEJA RIAS EX CIWALK 2010', '006'),
(72, 'MEJA RIAS ID 2010', '006'),
(73, 'MEJA RIAS TWIN 1M 2012', '006'),
(74, 'MEJA RIAS TWIN 2M 2012', '006'),
(75, 'MEJA TESTER 2011', '004'),
(76, 'TOWER 2016', '010'),
(77, 'MEJA TESTER ID 2011', '004'),
(78, 'MEJA TESTER UNDAK 2011', '004'),
(79, 'MEJA TESTER UNDAK 2013', '004'),
(80, 'MEJA TESTER UNDAK 2015', '004'),
(81, 'MEJA TESTER X CIWALK 2010', '004'),
(82, 'PARTISI 1,5X2,4 M', '008'),
(83, 'PARTISI 2011', '008'),
(84, 'PARTISI BERPINTU 2012', '008'),
(85, 'PUSHCART 2016', '010'),
(86, 'RAK POHON COKLAT 2013', '012'),
(87, '#NAME?', '012'),
(88, 'STAGE VINYL 2015', '009'),
(89, 'STAGE VINYL 2016', '009'),
(90, 'STANDING LCD 2012', '012'),
(91, 'TABLE LOVE JOY DREAM 2016', '003'),
(92, 'TOWER 2012', '010'),
(93, 'TOWER 2013', '010'),
(94, 'TOWER 2015', '010'),
(95, 'MEJA DISPLAY 2016', '014'),
(96, 'TOWER EMINA 2015', '010'),
(97, 'TOWER EMINA 2016', '010'),
(98, 'TOWER ID 2011', '010'),
(99, 'VITRIN 2012', '011'),
(100, 'VITRIN ID 2011', '011'),
(101, 'VITRIN ID CANOPY 2011', '011'),
(102, 'BACKDROP FSU 2016', '001'),
(103, 'ISLAND STORE', '012'),
(104, 'MEJA CM OVAL', '012'),
(105, 'MEJA TESTER 2017', '004'),
(106, 'MEJA RIAS 2017', '006'),
(107, 'TOWER 2017', '010'),
(108, 'MAKE UP CHAIR', '002'),
(109, 'BARSTOOL JANINGE', '002'),
(110, 'ACRYLIC MEJA RIAS', '015'),
(111, 'ACRYLIC TESTER CM', '015'),
(112, 'FSU CM 2011', '005'),
(113, 'FSU 2016', '005'),
(114, 'GONDOLA 2016', '014'),
(115, 'MEJA TESTER UNDAK', '004'),
(116, 'MEJA KONSULTASI', '007'),
(117, 'MEJA RIAS ID 2015', '006'),
(118, 'LEVEL 2013', '009'),
(119, 'SIGNAGE 2016', '016'),
(120, 'TOWER ID 2016', '010'),
(121, 'CM 2012', '012'),
(122, 'BACKWALL EX MUFFEST 2016', '013'),
(123, 'barstool kentucky white informa', '002'),
(124, 'BARSTOOL GLENN WHITE IKEA', '002'),
(125, 'GONDOLA EX FX', '014'),
(126, 'MEJA TESTER LENGKUNG', '004'),
(127, 'TOWER', '010'),
(128, 'MEJA RIAS', '006'),
(129, 'ACRYLIC GRAND TESTER 2017', '015'),
(130, 'ACRYLIC LOOK MOODBOOTH 2016', '015'),
(131, 'ACRYLIC LIP BAR', '015'),
(132, 'DUMMY TWCL', '012'),
(133, 'EASEL WARDAH KAYU 2017', '18'),
(134, 'FSU BB CAKE', '005'),
(135, 'LCD TV (LG) + BREKET', '012'),
(136, 'BACKDROP 2017', '001'),
(137, 'Meja Kasir ID 2017', '012'),
(138, 'Meja Lipat Abu Informa 2016', ''),
(139, 'Meja Tower moodlook 2017', '012'),
(140, 'CANOPY 3x3m +STAGE', '012'),
(141, 'Tower ID 2015', '010'),
(142, 'Frame visual image', '012'),
(143, 'Meja tester skin care & decorative newlook', '004'),
(144, 'FSU Lips', '005'),
(145, 'LCD TV Sharp + standing', '012'),
(146, 'Beauty Expert', '014'),
(147, 'Mannequin Stage', '012'),
(148, 'MEJA TESTER ID', '004'),
(149, 'Kiosk Wardah', '012'),
(150, 'Totem Logo Wardah', '015'),
(151, 'Totem Logo Wardah Inspiring Competition', '015'),
(152, 'FSU Lipcream', '005'),
(153, 'GRAND TESTER BESI MAKE OVER 2017', '15'),
(154, 'Tower Lipstick', '010'),
(155, 'Neon Sling', '19'),
(156, 'WHELL OF SWATCH', '12'),
(157, 'LEVEL 2018', '009'),
(158, 'FSU Flush out', '005'),
(159, 'KURSI SUTRADARA', '002'),
(160, 'FSU Eyecentric II', '005'),
(161, 'MEJA KASIR', '012'),
(162, 'CANOPY 2x2M + ridging', '012'),
(163, 'FIXTURE A', '004'),
(164, 'DUMMY HYPERBLACK', '012'),
(165, 'MEJA RIAS TWIN 2014', '006'),
(166, 'VISUAL STANDING', '001'),
(167, 'BOWLING HOLE 2017', '12'),
(168, 'MEJA RIAS 2017 (PUTIH)', '006'),
(169, 'PRODUCT SHEET DUMMY 2017', ''),
(170, 'TOWER SKINCARE 2017', '010'),
(171, 'ACRYLIC PLAYDATE', '015'),
(172, 'Canopy rumah 2x2', '12');

-- --------------------------------------------------------

--
-- Table structure for table `tbl_history`
--

CREATE TABLE `tbl_history` (
  `id_history` int(30) NOT NULL,
  `id_pinjam` int(10) NOT NULL,
  `id_inventory` int(10) NOT NULL
) ENGINE=InnoDB DEFAULT CHARSET=latin1;

-- --------------------------------------------------------

--
-- Table structure for table `tbl_inventory`
--

CREATE TABLE `tbl_inventory` (
  `id_inventory` int(100) NOT NULL,
  `id_vendor` int(10) NOT NULL,
  `id_warehouse` int(10) NOT NULL,
  `id_brand` int(10) NOT NULL,
  `id_fixture` int(10) NOT NULL,
  `id_tipe` int(10) NOT NULL,
  `running_number` int(10) NOT NULL,
  `kode_inventory` varchar(20) NOT NULL,
  `id_detail` int(100) NOT NULL,
  `thn_produksi` int(5) NOT NULL,
  `thn_demolish` int(5) NOT NULL,
  `id_status` int(2) NOT NULL
) ENGINE=InnoDB DEFAULT CHARSET=latin1;

--
-- Dumping data for table `tbl_inventory`
--

INSERT INTO `tbl_inventory` (`id_inventory`, `id_vendor`, `id_warehouse`, `id_brand`, `id_fixture`, `id_tipe`, `running_number`, `kode_inventory`, `id_detail`, `thn_produksi`, `thn_demolish`, `id_status`) VALUES
(1, 1, 1, 1, 1, 1, 1, '10201501505001', 1, 2015, 0, 1),
(2, 1, 1, 1, 1, 1, 2, '10201501505002', 1, 2015, 0, 1),
(3, 1, 1, 1, 1, 1, 3, '10201501505003', 1, 2015, 0, 1),
(4, 1, 1, 1, 1, 2, 1, '10201501501001', 1, 2015, 0, 1),
(5, 1, 1, 1, 1, 2, 2, '10201501501002', 1, 2015, 0, 1),
(6, 1, 1, 1, 1, 2, 3, '10201501501003', 1, 2015, 0, 1),
(7, 1, 1, 1, 1, 2, 4, '10201501501004', 1, 2015, 0, 1),
(8, 1, 1, 1, 1, 2, 5, '10201501501005', 1, 2015, 0, 1),
(9, 1, 1, 1, 1, 2, 6, '10201501501006', 1, 2015, 0, 1),
(10, 1, 1, 1, 1, 2, 7, '10201501501007', 1, 2015, 0, 1),
(11, 1, 1, 1, 1, 2, 8, '10201501501008', 1, 2015, 0, 1),
(12, 1, 1, 1, 1, 2, 9, '10201501501009', 1, 2015, 0, 1),
(13, 1, 1, 1, 1, 2, 10, '10201501501010', 1, 2015, 0, 1),
(14, 1, 1, 1, 1, 3, 1, '10201501506001', 1, 2015, 0, 1),
(15, 1, 1, 1, 1, 4, 2, '10201501506002', 1, 2015, 0, 1),
(16, 1, 1, 1, 1, 5, 3, '10201501506003', 1, 2015, 0, 1),
(17, 1, 1, 1, 1, 6, 1, '10201501502001', 1, 2015, 0, 1),
(18, 1, 1, 1, 1, 6, 2, '10201501502002', 1, 2015, 0, 1),
(19, 1, 1, 1, 1, 6, 3, '10201501502003', 1, 2015, 0, 1),
(20, 1, 1, 1, 1, 6, 4, '10201501502004', 1, 2015, 0, 1),
(21, 1, 1, 1, 1, 6, 5, '10201501502005', 1, 2015, 0, 1),
(22, 1, 1, 1, 1, 6, 6, '10201501502006', 1, 2015, 0, 1),
(23, 1, 1, 1, 1, 6, 7, '10201501502007', 1, 2015, 0, 1),
(24, 1, 1, 1, 1, 6, 8, '10201501502008', 1, 2015, 0, 1),
(25, 1, 1, 1, 1, 6, 9, '10201501502009', 1, 2015, 0, 1),
(26, 1, 1, 1, 1, 6, 10, '10201501502010', 1, 2015, 0, 1),
(27, 1, 1, 1, 1, 7, 1, '10201501503001', 1, 2015, 0, 1),
(28, 1, 1, 1, 1, 7, 2, '10201501503002', 1, 2015, 0, 1),
(29, 1, 1, 1, 1, 7, 3, '10201501503003', 1, 2015, 0, 1),
(30, 1, 1, 1, 1, 7, 4, '10201501503004', 1, 2015, 0, 1),
(31, 1, 1, 1, 1, 7, 5, '10201501503005', 1, 2015, 0, 1),
(32, 1, 1, 1, 1, 7, 6, '10201501503006', 1, 2015, 0, 1),
(33, 1, 1, 1, 1, 7, 7, '10201501503007', 1, 2015, 0, 1),
(34, 1, 1, 1, 1, 7, 8, '10201501503008', 1, 2015, 0, 1),
(35, 1, 1, 1, 1, 7, 9, '10201501503009', 1, 2015, 0, 1),
(36, 1, 1, 1, 1, 7, 10, '10201501503010', 1, 2015, 0, 1),
(37, 1, 1, 1, 1, 8, 1, '10201501504001', 1, 2015, 0, 1),
(38, 1, 1, 1, 1, 8, 2, '10201501504002', 1, 2015, 0, 1),
(39, 1, 1, 1, 1, 8, 3, '10201501504003', 1, 2015, 0, 1),
(40, 1, 1, 1, 1, 9, 1, '10201501507001', 1, 2015, 0, 1),
(41, 1, 1, 1, 1, 9, 2, '10201501507002', 1, 2015, 0, 1),
(42, 1, 1, 1, 1, 9, 3, '10201501507003', 1, 2015, 0, 1),
(43, 1, 1, 1, 1, 9, 4, '10201501507004', 1, 2015, 0, 1),
(44, 1, 1, 1, 1, 9, 5, '10201501507005', 1, 2015, 0, 1),
(45, 1, 1, 1, 1, 9, 6, '10201501507006', 1, 2015, 0, 1),
(46, 1, 1, 1, 1, 9, 7, '10201501507007', 1, 2015, 0, 1),
(47, 1, 1, 1, 1, 9, 8, '10201501507008', 1, 2015, 0, 1),
(48, 1, 1, 1, 1, 9, 9, '10201501507009', 1, 2015, 0, 1),
(49, 1, 1, 1, 1, 9, 10, '10201501507010', 1, 2015, 0, 1),
(50, 1, 1, 1, 1, 10, 1, '10201501508001', 1, 2015, 0, 1),
(51, 1, 1, 1, 1, 10, 2, '10201501508002', 1, 2015, 0, 1),
(52, 1, 1, 1, 1, 10, 3, '10201501508003', 1, 2015, 0, 1),
(53, 1, 1, 1, 1, 10, 4, '10201501508004', 1, 2015, 0, 1),
(54, 1, 1, 1, 1, 10, 5, '10201501508005', 1, 2015, 0, 1),
(55, 1, 1, 1, 1, 10, 6, '10201501508006', 1, 2015, 0, 1),
(56, 1, 1, 1, 1, 10, 7, '10201501508007', 1, 2015, 0, 1),
(57, 1, 1, 1, 1, 10, 8, '10201501508008', 1, 2015, 0, 1),
(58, 1, 1, 1, 1, 10, 9, '10201501508009', 1, 2015, 0, 1),
(59, 1, 1, 1, 1, 10, 10, '10201501508010', 1, 2015, 0, 1),
(60, 1, 2, 1, 2, 11, 1, '10201000101001', 2, 2010, 0, 1),
(61, 1, 3, 1, 2, 11, 2, '10201000101002', 2, 2010, 0, 1),
(62, 1, 4, 1, 3, 11, 3, '10201100102003', 3, 2011, 0, 1),
(63, 1, 4, 1, 3, 11, 4, '10201100102004', 3, 2011, 0, 1),
(64, 1, 4, 1, 3, 11, 5, '10201100102005', 3, 2011, 0, 1),
(65, 1, 1, 1, 3, 11, 1, '10201100102001', 3, 2011, 0, 1),
(66, 1, 1, 1, 3, 11, 2, '10201100102002', 3, 2011, 0, 1),
(67, 1, 3, 1, 4, 11, 24, '10201300103024', 4, 2013, 0, 1),
(68, 1, 2, 1, 3, 11, 1, '10201100103001', 3, 2011, 0, 1),
(69, 1, 2, 1, 3, 11, 2, '10201100103002', 3, 2011, 0, 1),
(70, 1, 2, 1, 3, 11, 3, '10201100103003', 3, 2011, 0, 1),
(71, 1, 4, 1, 5, 11, 21, '10201300103021', 4, 2013, 0, 1),
(72, 1, 2, 1, 5, 11, 4, '10201300103004', 4, 2013, 0, 1),
(73, 1, 1, 1, 5, 11, 5, '10201300103005', 4, 2013, 0, 1),
(74, 1, 1, 1, 5, 11, 6, '10201300103006', 4, 2013, 0, 1),
(75, 1, 1, 1, 5, 11, 7, '10201300103007', 4, 2013, 0, 1),
(76, 1, 1, 1, 5, 11, 8, '10201300103008', 4, 2013, 0, 1),
(77, 1, 1, 1, 5, 11, 9, '10201300103009', 4, 2013, 0, 1),
(78, 1, 1, 1, 5, 11, 10, '10201300103010', 4, 2013, 0, 1),
(79, 1, 1, 1, 5, 11, 11, '10201300103011', 4, 2013, 0, 1),
(80, 1, 1, 1, 5, 11, 12, '10201300103012', 4, 2013, 0, 1),
(81, 1, 1, 1, 5, 11, 13, '10201300103013', 4, 2013, 0, 1),
(82, 1, 1, 1, 5, 11, 14, '10201300103014', 4, 2013, 0, 1),
(83, 1, 1, 1, 5, 11, 15, '10201300103015', 4, 2013, 0, 1),
(84, 1, 1, 1, 5, 11, 16, '10201300103016', 4, 2013, 0, 1),
(85, 1, 1, 1, 5, 11, 17, '10201300103017', 4, 2013, 0, 1),
(86, 1, 1, 1, 5, 11, 18, '10201300103018', 4, 2013, 0, 1),
(87, 1, 1, 1, 5, 11, 19, '10201300103019', 4, 2013, 0, 1),
(88, 1, 1, 1, 5, 11, 20, '10201300103020', 4, 2013, 0, 1),
(89, 1, 3, 1, 5, 11, 22, '10201300103022', 4, 2013, 0, 1),
(90, 1, 3, 1, 5, 11, 23, '10201300103023', 4, 2013, 0, 1),
(91, 1, 3, 1, 5, 11, 25, '10201300103025', 4, 2013, 0, 1),
(92, 1, 4, 1, 6, 11, 31, '10201500103031', 4, 2015, 0, 1),
(93, 1, 4, 1, 6, 11, 32, '10201500103032', 4, 2015, 0, 1),
(94, 1, 4, 1, 6, 11, 33, '10201500103033', 4, 2015, 0, 1),
(95, 1, 2, 1, 6, 11, 34, '10201500103034', 4, 2015, 0, 1),
(96, 1, 1, 1, 6, 11, 26, '10201500103026', 4, 2015, 0, 1),
(97, 1, 1, 1, 6, 11, 27, '10201500103027', 4, 2015, 0, 1),
(98, 1, 1, 1, 6, 11, 28, '10201500103028', 4, 2015, 0, 1),
(99, 1, 1, 1, 6, 11, 29, '10201500103029', 4, 2015, 0, 1),
(100, 1, 1, 1, 6, 11, 30, '10201500103030', 4, 2015, 0, 1),
(101, 1, 5, 1, 6, 11, 36, '10201500103036', 4, 2015, 0, 1),
(102, 1, 5, 1, 6, 11, 37, '10201500103037', 4, 2015, 0, 1),
(103, 1, 3, 1, 6, 11, 38, '10201500103038', 4, 2015, 0, 1),
(104, 1, 3, 1, 6, 11, 39, '10201500103039', 4, 2015, 0, 1),
(105, 1, 1, 1, 7, 11, 1, '10201200104001', 3, 2012, 0, 1),
(106, 1, 1, 1, 7, 11, 2, '10201200104002', 3, 2012, 0, 1),
(107, 1, 1, 1, 7, 11, 3, '10201200104003', 3, 2012, 0, 1),
(108, 1, 1, 1, 8, 11, 1, '10201200105001', 3, 2012, 0, 1),
(109, 1, 1, 1, 8, 11, 2, '10201200105002', 3, 2012, 0, 1),
(110, 1, 4, 1, 9, 11, 1, '10201300106001', 5, 2013, 0, 1),
(111, 1, 4, 1, 9, 11, 2, '10201300106002', 5, 2013, 0, 1),
(112, 1, 4, 1, 9, 11, 3, '10201300106003', 5, 2013, 0, 1),
(113, 1, 4, 2, 10, 11, 3, '11201600107003', 6, 2016, 0, 1),
(114, 1, 1, 2, 10, 11, 1, '11201600107001', 6, 2016, 0, 1),
(115, 1, 1, 2, 10, 11, 2, '11201600107002', 6, 2016, 0, 1),
(116, 1, 1, 2, 10, 11, 4, '11201600107004', 6, 2016, 0, 1),
(117, 1, 1, 3, 11, 11, 1, '12201500109001', 7, 2015, 0, 1),
(118, 1, 1, 3, 12, 11, 2, '12201500109002', 7, 2015, 0, 1),
(119, 1, 1, 3, 12, 11, 3, '12201500109003', 7, 2015, 0, 1),
(120, 1, 1, 3, 12, 11, 4, '12201500109004', 7, 2015, 0, 1),
(121, 1, 1, 3, 12, 11, 5, '12201500109005', 7, 2015, 0, 1),
(122, 1, 1, 3, 12, 11, 6, '12201500109006', 7, 2015, 0, 1),
(123, 1, 4, 3, 12, 11, 7, '12201500109007', 7, 2015, 0, 1),
(124, 1, 2, 3, 12, 11, 8, '12201500109008', 7, 2015, 0, 1),
(125, 1, 3, 3, 12, 11, 9, '12201500109009', 7, 2015, 0, 1),
(126, 1, 4, 3, 12, 11, 10, '12201600109010', 7, 2016, 0, 1),
(127, 1, 1, 3, 12, 11, 11, '12201500109011', 7, 2015, 0, 1),
(128, 1, 1, 1, 13, 11, 10, '10000000110010', 8, 0, 0, 1),
(129, 1, 1, 1, 14, 11, 1, '10000000111001', 9, 0, 0, 1),
(130, 1, 1, 1, 14, 11, 2, '10000000111002', 9, 0, 0, 1),
(131, 1, 1, 1, 15, 11, 1, '10000000112001', 10, 0, 0, 1),
(132, 1, 1, 1, 15, 11, 2, '10000000112002', 10, 0, 0, 1),
(133, 1, 1, 1, 15, 11, 3, '10000000112003', 10, 0, 0, 1),
(134, 1, 1, 1, 16, 11, 1, '10000000113001', 11, 0, 0, 1),
(135, 1, 1, 1, 16, 11, 2, '10000000113002', 11, 0, 0, 1),
(136, 1, 1, 1, 16, 11, 3, '10000000113003', 11, 0, 0, 1),
(137, 1, 1, 1, 16, 11, 4, '10000000113004', 11, 0, 0, 1),
(138, 1, 1, 1, 16, 11, 5, '10000000113005', 11, 0, 0, 1),
(139, 1, 1, 1, 16, 11, 6, '10000000113006', 11, 0, 0, 1),
(140, 1, 1, 1, 16, 11, 7, '10000000113007', 11, 0, 0, 1),
(141, 1, 1, 1, 16, 11, 8, '10000000113008', 11, 0, 0, 1),
(142, 1, 3, 1, 17, 11, 1, '10000000114001', 12, 0, 0, 1),
(143, 1, 3, 1, 17, 11, 2, '10000000114002', 12, 0, 0, 1),
(144, 1, 3, 1, 17, 11, 3, '10000000114003', 12, 0, 0, 1),
(145, 1, 3, 1, 17, 11, 4, '10000000114004', 12, 0, 0, 1),
(146, 1, 3, 1, 17, 11, 5, '10000000114005', 12, 0, 0, 1),
(147, 1, 3, 1, 17, 11, 6, '10000000114006', 12, 0, 0, 1),
(148, 1, 3, 1, 17, 11, 7, '10000000114007', 12, 0, 0, 1),
(149, 1, 3, 1, 17, 11, 8, '10000000114008', 12, 0, 0, 1),
(150, 1, 3, 1, 17, 11, 9, '10000000114009', 12, 0, 0, 1),
(151, 1, 3, 1, 17, 11, 10, '10000000114010', 12, 0, 0, 1),
(152, 1, 1, 1, 18, 11, 1, '10000000115001', 13, 0, 0, 1),
(153, 1, 1, 1, 18, 11, 2, '10000000115002', 13, 0, 0, 1),
(154, 1, 4, 1, 10, 11, 1, '10201600116001', 14, 2016, 0, 1),
(155, 1, 1, 1, 10, 11, 2, '10201600116002', 14, 2016, 0, 1),
(156, 1, 1, 1, 10, 11, 3, '10201600116003', 14, 2016, 0, 1),
(157, 1, 1, 1, 10, 11, 4, '10201600116004', 15, 2016, 0, 1),
(158, 1, 1, 1, 10, 11, 5, '10201600116005', 15, 2016, 0, 1),
(159, 1, 1, 1, 19, 12, 1, '10000001301001', 16, 0, 0, 1),
(160, 1, 1, 2, 20, 13, 1, '11201300204001', 2, 2013, 0, 1),
(161, 1, 4, 1, 21, 13, 1, '10000000202001', 17, 0, 0, 1),
(162, 1, 4, 1, 21, 13, 2, '10000000202002', 17, 0, 0, 1),
(163, 1, 4, 1, 21, 13, 3, '10000000202003', 17, 0, 0, 1),
(164, 1, 4, 1, 21, 13, 4, '10000000202004', 17, 0, 0, 1),
(165, 1, 4, 1, 21, 13, 5, '10000000202005', 17, 0, 0, 1),
(166, 1, 4, 1, 22, 13, 1, '10000000201001', 18, 0, 0, 1),
(167, 1, 4, 1, 22, 13, 2, '10000000201002', 18, 0, 0, 1),
(168, 1, 4, 1, 22, 13, 5, '10000000201005', 18, 0, 0, 1),
(169, 1, 4, 1, 22, 13, 6, '10000000201006', 18, 0, 0, 1),
(170, 1, 4, 1, 22, 13, 7, '10000000201007', 18, 0, 0, 1),
(171, 1, 4, 1, 22, 13, 8, '10000000201008', 18, 0, 0, 1),
(172, 1, 4, 1, 22, 13, 9, '10000000201009', 18, 0, 0, 1),
(173, 1, 4, 1, 22, 13, 10, '10000000201010', 18, 0, 0, 1),
(174, 1, 4, 1, 22, 13, 11, '10000000201011', 18, 0, 0, 1),
(175, 1, 4, 1, 22, 13, 12, '10000000201012', 18, 0, 0, 1),
(176, 1, 4, 1, 22, 13, 13, '10000000201013', 18, 0, 0, 1),
(177, 1, 4, 1, 22, 13, 14, '10000000201014', 18, 0, 0, 1),
(178, 1, 4, 1, 22, 13, 15, '10000000201015', 18, 0, 0, 1),
(179, 1, 2, 1, 22, 13, 16, '10000000201016', 18, 0, 0, 1),
(180, 1, 2, 1, 22, 13, 17, '10000000201017', 18, 0, 0, 1),
(181, 1, 2, 1, 22, 13, 18, '10000000201018', 18, 0, 0, 1),
(182, 1, 2, 1, 22, 13, 19, '10000000201019', 18, 0, 0, 1),
(183, 1, 2, 1, 22, 13, 20, '10000000201020', 18, 0, 0, 1),
(184, 1, 2, 1, 22, 13, 21, '10000000201021', 18, 0, 0, 1),
(185, 1, 2, 1, 22, 13, 22, '10000000201022', 18, 0, 0, 1),
(186, 1, 2, 1, 22, 13, 23, '10000000201023', 18, 0, 0, 1),
(187, 1, 2, 1, 22, 13, 24, '10000000201024', 18, 0, 0, 1),
(188, 1, 2, 1, 22, 13, 25, '10000000201025', 18, 0, 0, 1),
(189, 1, 2, 1, 22, 13, 26, '10000000201026', 18, 0, 0, 1),
(190, 1, 2, 1, 22, 13, 27, '10000000201027', 18, 0, 0, 1),
(191, 1, 2, 1, 22, 13, 28, '10000000201028', 18, 0, 0, 1),
(192, 1, 2, 1, 22, 13, 29, '10000000201029', 18, 0, 0, 1),
(193, 1, 3, 1, 22, 13, 30, '10000000201030', 18, 0, 0, 1),
(194, 1, 3, 1, 22, 13, 31, '10000000201031', 18, 0, 0, 1),
(195, 1, 3, 1, 22, 13, 32, '10000000201032', 18, 0, 0, 1),
(196, 1, 3, 1, 22, 13, 33, '10000000201033', 18, 0, 0, 1),
(197, 1, 3, 1, 22, 13, 34, '10000000201034', 18, 0, 0, 1),
(198, 1, 3, 1, 22, 13, 35, '10000000201035', 18, 0, 0, 1),
(199, 1, 1, 2, 20, 13, 2, '11201300204002', 2, 2013, 0, 1),
(200, 1, 1, 2, 20, 13, 3, '11201300204003', 2, 2013, 0, 1),
(201, 1, 1, 2, 20, 13, 4, '11201300204004', 2, 2013, 0, 1),
(202, 1, 1, 2, 20, 13, 5, '11201300204005', 2, 2013, 0, 1),
(203, 1, 1, 2, 20, 13, 6, '11201300204006', 2, 2013, 0, 1),
(204, 1, 1, 2, 20, 13, 7, '11201300204007', 2, 2013, 0, 1),
(205, 1, 1, 2, 20, 13, 8, '11201300204008', 2, 2013, 0, 1),
(206, 1, 1, 2, 20, 13, 9, '11201300204009', 2, 2013, 0, 1),
(207, 1, 1, 2, 20, 13, 10, '11201300204010', 2, 2013, 0, 1),
(208, 1, 1, 2, 20, 13, 11, '11201300204011', 2, 2013, 0, 1),
(209, 1, 1, 2, 20, 13, 12, '11201300204012', 2, 2013, 0, 1),
(210, 1, 1, 2, 20, 13, 13, '11201300204013', 2, 2013, 0, 1),
(211, 1, 1, 2, 20, 13, 14, '11201300204014', 2, 2013, 0, 1),
(212, 1, 4, 2, 23, 13, 15, '11201500204015', 2, 2015, 0, 1),
(213, 1, 5, 2, 23, 13, 26, '11201500204026', 2, 2015, 0, 1),
(214, 1, 5, 2, 23, 13, 27, '11201500204027', 2, 2015, 0, 1),
(215, 1, 1, 2, 24, 14, 1, '11000000414001', 19, 0, 0, 1),
(216, 1, 4, 1, 25, 13, 1, '10201600201001', 20, 2016, 0, 1),
(217, 1, 4, 1, 25, 13, 2, '10201600201002', 20, 2016, 0, 1),
(218, 1, 1, 1, 26, 13, 1, '10000000205001', 20, 0, 0, 1),
(219, 1, 1, 1, 25, 13, 1, '10201600206001', 21, 2016, 0, 1),
(220, 1, 1, 1, 26, 13, 2, '10000000205002', 20, 0, 0, 1),
(221, 1, 1, 1, 25, 13, 2, '10201600206002', 21, 2016, 0, 1),
(222, 1, 1, 1, 26, 13, 3, '10000000205003', 20, 0, 0, 1),
(223, 1, 1, 1, 26, 13, 3, '10201600201003', 20, 2016, 0, 1),
(224, 1, 1, 1, 25, 13, 3, '10201600206003', 21, 2016, 0, 1),
(225, 1, 1, 1, 26, 13, 4, '10000000205004', 20, 0, 0, 1),
(226, 1, 1, 1, 26, 13, 4, '10201600201004', 20, 2016, 0, 1),
(227, 1, 6, 4, 27, 15, 0, '', 21, 0, 0, 1),
(228, 1, 1, 1, 26, 13, 5, '10000000205005', 20, 0, 0, 1),
(229, 1, 1, 1, 26, 13, 5, '10201600201005', 20, 2016, 0, 1),
(230, 1, 1, 1, 26, 13, 6, '10000000205006', 20, 0, 0, 1),
(231, 1, 1, 1, 26, 13, 6, '10201600201006', 20, 2016, 0, 1),
(232, 1, 1, 1, 26, 13, 7, '10000000205007', 20, 0, 0, 1),
(233, 1, 1, 1, 26, 13, 8, '10000000205008', 20, 0, 0, 1),
(234, 1, 1, 1, 26, 13, 9, '10000000205009', 20, 0, 0, 1),
(235, 1, 1, 1, 26, 13, 10, '10000000205010', 20, 0, 0, 1),
(236, 1, 1, 1, 26, 13, 11, '10000000205011', 20, 0, 0, 1),
(237, 1, 1, 1, 26, 13, 12, '10000000205012', 20, 0, 0, 1),
(238, 1, 1, 1, 26, 13, 13, '10000000205013', 20, 0, 0, 1),
(239, 1, 1, 1, 26, 13, 14, '10000000205014', 20, 0, 0, 1),
(240, 1, 1, 1, 26, 13, 15, '10000000205015', 20, 0, 0, 1),
(241, 1, 1, 1, 26, 13, 16, '10000000205016', 20, 0, 0, 1),
(242, 1, 1, 1, 26, 13, 17, '10000000205017', 20, 0, 0, 1),
(243, 1, 1, 1, 26, 13, 18, '10000000205018', 20, 0, 0, 1),
(244, 1, 1, 1, 26, 13, 19, '10000000205019', 20, 0, 0, 1),
(245, 1, 1, 1, 26, 13, 20, '10000000205020', 20, 0, 0, 1),
(246, 1, 1, 1, 26, 13, 21, '10000000205021', 20, 0, 0, 1),
(247, 1, 4, 1, 28, 16, 36, '10201300301036', 22, 2013, 0, 1),
(248, 1, 4, 1, 28, 16, 37, '10201300301037', 22, 2013, 0, 1),
(249, 1, 4, 1, 28, 16, 38, '10201300301038', 22, 2013, 0, 1),
(250, 1, 4, 1, 28, 16, 39, '10201300301039', 22, 2013, 0, 1),
(251, 1, 4, 1, 28, 16, 40, '10201300301040', 22, 2013, 0, 1),
(252, 1, 4, 1, 28, 16, 41, '10201300301041', 22, 2013, 0, 1),
(253, 1, 4, 1, 28, 16, 42, '10201300301042', 22, 2013, 0, 1),
(254, 1, 4, 1, 28, 16, 43, '10201300301043', 22, 2013, 0, 1),
(255, 1, 4, 1, 28, 16, 44, '10201300301044', 22, 2013, 0, 1),
(256, 1, 4, 1, 28, 16, 45, '10201300301045', 22, 2013, 0, 1),
(257, 1, 4, 1, 28, 16, 46, '10201300301046', 22, 2013, 0, 1),
(258, 1, 4, 1, 28, 16, 47, '10201300301047', 22, 2013, 0, 1),
(259, 1, 4, 1, 28, 16, 48, '10201300301048', 22, 2013, 0, 1),
(260, 1, 4, 1, 28, 16, 49, '10201300301049', 22, 2013, 0, 1),
(261, 1, 1, 1, 28, 16, 1, '10201300301001', 22, 2013, 0, 1),
(262, 1, 1, 1, 28, 16, 2, '10201300301002', 22, 2013, 0, 1),
(263, 1, 1, 1, 28, 16, 3, '10201300301003', 22, 2013, 0, 1),
(264, 1, 1, 1, 28, 16, 4, '10201300301004', 22, 2013, 0, 1),
(265, 1, 1, 1, 28, 16, 5, '10201300301005', 22, 2013, 0, 1),
(266, 1, 1, 1, 28, 16, 6, '10201300301006', 22, 2013, 0, 1),
(267, 1, 1, 1, 28, 16, 7, '10201300301007', 22, 2013, 0, 1),
(268, 1, 1, 1, 28, 16, 8, '10201300301008', 22, 2013, 0, 1),
(269, 1, 1, 1, 28, 16, 9, '10201300301009', 22, 2013, 0, 1),
(270, 1, 1, 1, 28, 16, 10, '10201300301010', 22, 2013, 0, 1),
(271, 1, 1, 1, 28, 16, 11, '10201300301011', 22, 2013, 0, 1),
(272, 1, 1, 1, 28, 16, 12, '10201300301012', 22, 2013, 0, 1),
(273, 1, 1, 1, 28, 16, 13, '10201300301013', 22, 2013, 0, 1),
(274, 1, 1, 1, 28, 16, 14, '10201300301014', 22, 2013, 0, 1),
(275, 1, 1, 1, 28, 16, 15, '10201300301015', 22, 2013, 0, 1),
(276, 1, 1, 1, 28, 16, 16, '10201300301016', 22, 2013, 0, 1),
(277, 1, 1, 1, 28, 16, 17, '10201300301017', 22, 2013, 0, 1),
(278, 1, 1, 1, 28, 16, 18, '10201300301018', 22, 2013, 0, 1),
(279, 1, 1, 1, 28, 16, 19, '10201300301019', 22, 2013, 0, 1),
(280, 1, 1, 1, 28, 16, 20, '10201300301020', 22, 2013, 0, 1),
(281, 1, 1, 1, 28, 16, 21, '10201300301021', 22, 2013, 0, 1),
(282, 1, 1, 1, 28, 16, 22, '10201300301022', 22, 2013, 0, 1),
(283, 1, 1, 1, 28, 16, 23, '10201300301023', 22, 2013, 0, 1),
(284, 1, 1, 1, 28, 16, 24, '10201300301024', 22, 2013, 0, 1),
(285, 1, 1, 1, 28, 16, 25, '10201300301025', 22, 2013, 0, 1),
(286, 1, 1, 1, 28, 16, 26, '10201300301026', 22, 2013, 0, 1),
(287, 1, 1, 1, 28, 16, 27, '10201300301027', 22, 2013, 0, 1),
(288, 1, 1, 1, 28, 16, 28, '10201300301028', 22, 2013, 0, 1),
(289, 1, 1, 1, 28, 16, 29, '10201300301029', 22, 2013, 0, 1),
(290, 1, 1, 1, 28, 16, 30, '10201300301030', 22, 2013, 0, 1),
(291, 1, 1, 1, 28, 16, 31, '10201300301031', 22, 2013, 0, 1),
(292, 1, 1, 1, 28, 16, 32, '10201300301032', 22, 2013, 0, 1),
(293, 1, 1, 1, 28, 16, 33, '10201300301033', 22, 2013, 0, 1),
(294, 1, 1, 1, 28, 16, 34, '10201300301034', 22, 2013, 0, 1),
(295, 1, 1, 1, 28, 16, 35, '10201300301035', 22, 2013, 0, 1),
(296, 1, 4, 1, 28, 16, 50, '10201300301050', 22, 2013, 0, 1),
(297, 1, 4, 1, 28, 16, 51, '10201300301051', 22, 2013, 0, 1),
(298, 1, 4, 1, 28, 16, 52, '10201300301052', 22, 2013, 0, 1),
(299, 1, 4, 1, 28, 16, 53, '10201300301053', 22, 2013, 0, 1),
(300, 1, 2, 1, 28, 16, 54, '10201300301054', 22, 2013, 0, 1),
(301, 1, 2, 1, 28, 16, 55, '10201300301055', 22, 2013, 0, 1),
(302, 1, 2, 1, 28, 16, 56, '10201300301056', 22, 2013, 0, 1),
(303, 1, 2, 1, 28, 16, 57, '10201300301057', 22, 2013, 0, 1),
(304, 1, 2, 1, 28, 16, 58, '10201300301058', 22, 2013, 0, 1),
(305, 1, 2, 1, 28, 16, 59, '10201300301059', 22, 2013, 0, 1),
(306, 1, 2, 1, 28, 16, 60, '10201300301060', 22, 2013, 0, 1),
(307, 1, 5, 1, 28, 16, 62, '10201300301062', 22, 2013, 0, 1),
(308, 1, 5, 1, 28, 16, 63, '10201300301063', 22, 2013, 0, 1),
(309, 1, 5, 1, 28, 16, 64, '10201300301064', 22, 2013, 0, 1),
(310, 1, 5, 1, 28, 16, 65, '10201300301065', 22, 2013, 0, 1),
(311, 1, 3, 1, 28, 16, 66, '10201300301066', 22, 2013, 0, 1),
(312, 1, 3, 1, 28, 16, 67, '10201300301067', 22, 2013, 0, 1),
(313, 1, 3, 1, 28, 16, 68, '10201300301068', 22, 2013, 0, 1),
(314, 1, 3, 1, 28, 16, 69, '10201300301069', 22, 2013, 0, 1),
(315, 1, 3, 1, 28, 16, 70, '10201300301070', 22, 2013, 0, 1),
(316, 1, 3, 1, 28, 16, 71, '10201300301071', 22, 2013, 0, 1),
(317, 1, 3, 1, 28, 16, 72, '10201300301072', 22, 2013, 0, 1),
(318, 1, 3, 1, 28, 16, 73, '10201300301073', 22, 2013, 0, 1),
(319, 1, 3, 1, 28, 16, 74, '10201300301074', 22, 2013, 0, 1),
(320, 1, 3, 1, 28, 16, 75, '10201300301075', 22, 2013, 0, 1),
(321, 1, 3, 1, 28, 16, 76, '10201300301076', 22, 2013, 0, 1),
(322, 1, 3, 1, 28, 16, 77, '10201300301077', 22, 2013, 0, 1),
(323, 1, 3, 1, 28, 16, 78, '10201300301078', 22, 2013, 0, 1),
(324, 1, 3, 1, 28, 16, 79, '10201300301079', 22, 2013, 0, 1),
(325, 1, 3, 1, 28, 16, 80, '10201300301080', 22, 2013, 0, 1),
(326, 1, 3, 1, 28, 16, 81, '10201300301081', 22, 2013, 0, 1),
(327, 1, 2, 1, 28, 16, 61, '10201300301061', 22, 2013, 0, 1),
(328, 1, 1, 1, 29, 16, 154, '10201500301154', 22, 2015, 0, 1),
(329, 1, 1, 1, 29, 16, 155, '10201500301155', 22, 2015, 0, 1),
(330, 1, 1, 1, 29, 16, 156, '10201500301156', 22, 2015, 0, 1),
(331, 1, 1, 1, 29, 16, 157, '10201500301157', 22, 2015, 0, 1),
(332, 1, 1, 1, 29, 16, 82, '10201500301082', 22, 2015, 0, 1),
(333, 1, 1, 1, 29, 16, 83, '10201500301083', 22, 2015, 0, 1),
(334, 1, 1, 1, 29, 16, 84, '10201500301084', 22, 2015, 0, 1),
(335, 1, 1, 1, 29, 16, 85, '10201500301085', 22, 2015, 0, 1),
(336, 1, 1, 1, 29, 16, 86, '10201500301086', 22, 2015, 0, 1),
(337, 1, 1, 1, 29, 16, 87, '10201500301087', 22, 2015, 0, 1),
(338, 1, 1, 1, 29, 16, 88, '10201500301088', 22, 2015, 0, 1),
(339, 1, 1, 1, 29, 16, 89, '10201500301089', 22, 2015, 0, 1),
(340, 1, 1, 1, 29, 16, 90, '10201500301090', 22, 2015, 0, 1),
(341, 1, 1, 1, 29, 16, 91, '10201500301091', 22, 2015, 0, 1),
(342, 1, 1, 1, 29, 16, 92, '10201500301092', 22, 2015, 0, 1),
(343, 1, 1, 1, 29, 16, 93, '10201500301093', 22, 2015, 0, 1),
(344, 1, 1, 1, 29, 16, 94, '10201500301094', 22, 2015, 0, 1),
(345, 1, 1, 1, 29, 16, 95, '10201500301095', 22, 2015, 0, 1),
(346, 1, 1, 1, 29, 16, 96, '10201500301096', 22, 2015, 0, 1),
(347, 1, 1, 1, 29, 16, 97, '10201500301097', 22, 2015, 0, 1),
(348, 1, 1, 1, 29, 16, 98, '10201500301098', 22, 2015, 0, 1),
(349, 1, 1, 1, 29, 16, 99, '10201500301099', 22, 2015, 0, 1),
(350, 1, 1, 1, 29, 16, 100, '10201500301100', 22, 2015, 0, 1),
(351, 1, 1, 1, 29, 16, 101, '10201500301101', 22, 2015, 0, 1),
(352, 1, 1, 1, 29, 16, 102, '10201500301102', 22, 2015, 0, 1),
(353, 1, 1, 1, 29, 16, 103, '10201500301103', 22, 2015, 0, 1),
(354, 1, 1, 1, 29, 16, 104, '10201500301104', 22, 2015, 0, 1),
(355, 1, 1, 1, 29, 16, 105, '10201500301105', 22, 2015, 0, 1),
(356, 1, 1, 1, 29, 16, 106, '10201500301106', 22, 2015, 0, 1),
(357, 1, 1, 1, 29, 16, 107, '10201500301107', 22, 2015, 0, 1),
(358, 1, 1, 1, 29, 16, 108, '10201500301108', 22, 2015, 0, 1),
(359, 1, 1, 1, 29, 16, 109, '10201500301109', 22, 2015, 0, 1),
(360, 1, 1, 1, 29, 16, 110, '10201500301110', 22, 2015, 0, 1),
(361, 1, 1, 1, 29, 16, 111, '10201500301111', 22, 2015, 0, 1),
(362, 1, 1, 1, 29, 16, 112, '10201500301112', 22, 2015, 0, 1),
(363, 1, 1, 1, 29, 16, 113, '10201500301113', 22, 2015, 0, 1),
(364, 1, 1, 1, 29, 16, 114, '10201500301114', 22, 2015, 0, 1),
(365, 1, 4, 1, 29, 16, 116, '10201500301116', 22, 2015, 0, 1),
(366, 1, 4, 1, 29, 16, 117, '10201500301117', 22, 2015, 0, 1),
(367, 1, 4, 1, 29, 16, 118, '10201500301118', 22, 2015, 0, 1),
(368, 1, 4, 1, 29, 16, 119, '10201500301119', 22, 2015, 0, 1),
(369, 1, 4, 1, 29, 16, 120, '10201500301120', 22, 2015, 0, 1),
(370, 1, 1, 1, 29, 16, 115, '10201500301115', 22, 2015, 0, 1),
(371, 1, 4, 1, 29, 16, 121, '10201500301121', 22, 2015, 0, 1),
(372, 1, 4, 1, 29, 16, 122, '10201500301122', 22, 2015, 0, 1),
(373, 1, 4, 1, 29, 16, 123, '10201500301123', 22, 2015, 0, 1),
(374, 1, 4, 1, 29, 16, 124, '10201500301124', 22, 2015, 0, 1),
(375, 1, 4, 1, 29, 16, 125, '10201500301125', 22, 2015, 0, 1),
(376, 1, 4, 1, 29, 16, 126, '10201500301126', 22, 2015, 0, 1),
(377, 1, 4, 1, 29, 16, 127, '10201500301127', 22, 2015, 0, 1),
(378, 1, 4, 1, 29, 16, 128, '10201500301128', 22, 2015, 0, 1),
(379, 1, 4, 1, 29, 16, 129, '10201500301129', 22, 2015, 0, 1),
(380, 1, 4, 1, 29, 16, 130, '10201500301130', 22, 2015, 0, 1),
(381, 1, 4, 1, 29, 16, 131, '10201500301131', 22, 2015, 0, 1),
(382, 1, 5, 1, 29, 16, 0, '10201500301', 22, 2015, 0, 1),
(383, 1, 5, 1, 29, 16, 0, '10201500301', 22, 2015, 0, 1),
(384, 1, 5, 1, 29, 16, 0, '10201500301', 22, 2015, 0, 1),
(385, 1, 5, 1, 29, 16, 0, '10201500301', 22, 2015, 0, 1),
(386, 1, 5, 1, 29, 16, 0, '10201500301', 22, 2015, 0, 1),
(387, 1, 5, 1, 29, 16, 0, '10201500301', 22, 2015, 0, 1),
(388, 1, 2, 1, 29, 16, 132, '10201500301132', 22, 2015, 0, 1),
(389, 1, 2, 1, 29, 16, 133, '10201500301133', 22, 2015, 0, 1),
(390, 1, 2, 1, 29, 16, 134, '10201500301134', 22, 2015, 0, 1),
(391, 1, 2, 1, 29, 16, 135, '10201500301135', 22, 2015, 0, 1),
(392, 1, 2, 1, 29, 16, 136, '10201500301136', 22, 2015, 0, 1),
(393, 1, 2, 1, 29, 16, 139, '10201500301139', 22, 2015, 0, 1),
(394, 1, 3, 1, 29, 16, 146, '10201500301146', 22, 2015, 0, 1),
(395, 1, 3, 1, 29, 16, 147, '10201500301147', 22, 2015, 0, 1),
(396, 1, 3, 1, 29, 16, 148, '10201500301148', 22, 2015, 0, 1),
(397, 1, 3, 1, 29, 16, 149, '10201500301149', 22, 2015, 0, 1),
(398, 1, 3, 1, 29, 16, 150, '10201500301150', 22, 2015, 0, 1),
(399, 1, 3, 1, 29, 16, 151, '10201500301151', 22, 2015, 0, 1),
(400, 1, 3, 1, 29, 16, 152, '10201500301152', 22, 2015, 0, 1),
(401, 1, 3, 1, 29, 16, 153, '10201500301153', 22, 2015, 0, 1),
(402, 1, 3, 1, 29, 16, 158, '10201500301158', 22, 2015, 0, 1),
(403, 1, 3, 1, 29, 16, 159, '10201500301159', 22, 2015, 0, 1),
(404, 1, 1, 1, 30, 16, 3, '10201600304003', 23, 2016, 0, 1),
(405, 1, 1, 1, 30, 16, 4, '10201600304004', 23, 2016, 0, 1),
(406, 1, 1, 1, 30, 16, 5, '10201600304005', 23, 2016, 0, 1),
(407, 1, 1, 1, 30, 16, 6, '10201600304006', 23, 2016, 0, 1),
(408, 1, 1, 1, 30, 16, 7, '10201600304007', 24, 2016, 0, 1),
(409, 1, 1, 1, 30, 16, 8, '10201600304008', 24, 2016, 0, 1),
(410, 1, 1, 1, 30, 16, 9, '10201600304009', 24, 2016, 0, 1),
(411, 1, 1, 1, 30, 16, 10, '10201600304010', 24, 2016, 0, 1),
(412, 1, 1, 1, 31, 16, 160, '10201600301160', 22, 2016, 0, 1),
(413, 1, 1, 1, 31, 16, 161, '10201600301161', 22, 2016, 0, 1),
(414, 1, 1, 1, 31, 16, 162, '10201600301162', 22, 2016, 0, 1),
(415, 1, 1, 1, 31, 16, 163, '10201600301163', 22, 2016, 0, 1),
(416, 1, 1, 1, 31, 16, 164, '10201600301164', 22, 2016, 0, 1),
(417, 1, 1, 1, 31, 16, 165, '10201600301165', 22, 2016, 0, 1),
(418, 1, 1, 1, 31, 16, 166, '10201600301166', 22, 2016, 0, 1),
(419, 1, 1, 1, 31, 16, 167, '10201600301167', 22, 2016, 0, 1),
(420, 1, 1, 1, 31, 16, 168, '10201600301168', 22, 2016, 0, 1),
(421, 1, 4, 1, 31, 16, 1, '10201600304001', 23, 2016, 0, 1),
(422, 1, 4, 1, 31, 16, 2, '10201600304002', 23, 2016, 0, 1),
(423, 1, 3, 1, 32, 17, 4, '10000000702004', 25, 0, 0, 1),
(424, 1, 3, 1, 32, 17, 5, '10000000702005', 25, 0, 0, 1),
(425, 1, 2, 1, 32, 17, 1, '10000000702001', 26, 0, 0, 1),
(426, 1, 2, 1, 32, 17, 2, '10000000702002', 27, 0, 0, 1),
(427, 1, 2, 1, 32, 17, 3, '10000000702003', 28, 0, 0, 1),
(428, 1, 1, 1, 33, 16, 1, '10201200302001', 29, 2012, 0, 1),
(429, 1, 1, 1, 33, 16, 2, '10201200302002', 29, 2012, 0, 1),
(430, 1, 1, 1, 33, 16, 3, '10201200302003', 29, 2012, 0, 1),
(431, 1, 1, 1, 33, 16, 4, '10201200302004', 29, 2012, 0, 1),
(432, 1, 1, 1, 33, 16, 5, '10201200302005', 29, 2012, 0, 1),
(433, 1, 1, 1, 33, 16, 6, '10201200302006', 29, 2012, 0, 1),
(434, 1, 1, 1, 33, 16, 7, '10201200302007', 29, 2012, 0, 1),
(435, 1, 1, 1, 33, 16, 8, '10201200302008', 29, 2012, 0, 1),
(436, 1, 1, 1, 33, 16, 9, '10201200302009', 29, 2012, 0, 1),
(437, 1, 4, 1, 33, 16, 10, '10201200302010', 29, 2012, 0, 1),
(438, 1, 4, 1, 33, 16, 11, '10201200302011', 29, 2012, 0, 1),
(439, 1, 4, 1, 33, 16, 12, '10201200302012', 29, 2012, 0, 1),
(440, 1, 4, 1, 33, 16, 13, '10201200302013', 29, 2012, 0, 1),
(441, 1, 4, 1, 33, 16, 14, '10201200302014', 29, 2012, 0, 1),
(442, 1, 4, 1, 33, 16, 15, '10201200302015', 29, 2012, 0, 1),
(443, 1, 3, 1, 33, 16, 26, '10201200302026', 29, 2012, 0, 1),
(444, 1, 3, 1, 33, 16, 27, '10201200302027', 29, 2012, 0, 1),
(445, 1, 3, 1, 33, 16, 28, '10201200302028', 29, 2012, 0, 1),
(446, 1, 3, 1, 33, 16, 29, '10201200302029', 29, 2012, 0, 1),
(447, 1, 3, 1, 33, 16, 30, '10201200302030', 29, 2012, 0, 1),
(448, 1, 3, 1, 33, 16, 31, '10201200302031', 29, 2012, 0, 1),
(449, 1, 3, 1, 33, 16, 36, '10201200302036', 29, 2012, 0, 1),
(450, 1, 3, 1, 33, 16, 37, '10201200302037', 29, 2012, 0, 1),
(451, 1, 3, 1, 33, 16, 38, '10201200302038', 29, 2012, 0, 1),
(452, 1, 3, 1, 33, 16, 39, '10201200302039', 29, 2012, 0, 1),
(453, 1, 3, 1, 33, 16, 40, '10201200302040', 29, 2012, 0, 1),
(454, 1, 3, 1, 33, 16, 41, '10201200302041', 29, 2012, 0, 1),
(455, 1, 1, 3, 34, 14, 1, '12201600409001', 30, 2016, 0, 1),
(456, 1, 1, 3, 34, 14, 2, '12201600409002', 30, 2016, 0, 1),
(457, 1, 1, 3, 34, 14, 3, '12201600409003', 30, 2016, 0, 1),
(458, 1, 1, 3, 34, 14, 4, '12201600409004', 30, 2016, 0, 1),
(459, 1, 1, 3, 34, 14, 5, '12201600409005', 30, 2016, 0, 1),
(460, 1, 1, 3, 34, 14, 6, '12201600409006', 30, 2016, 0, 1),
(461, 1, 4, 3, 34, 14, 7, '12201600409007', 30, 2016, 0, 1),
(462, 1, 4, 3, 34, 14, 8, '12201600409008', 30, 2016, 0, 1),
(463, 1, 6, 4, 27, 15, 0, '', 2, 0, 0, 1),
(464, 1, 2, 3, 34, 14, 9, '12201600409009', 30, 2016, 0, 1),
(465, 1, 3, 3, 34, 14, 10, '12201600409010', 30, 2016, 0, 1),
(466, 1, 1, 3, 34, 14, 12, '12201600409012', 30, 2016, 0, 1),
(467, 1, 3, 3, 35, 14, 1, '12201600410001', 31, 2016, 0, 1),
(468, 1, 6, 4, 27, 15, 0, '', 2, 0, 0, 1),
(469, 1, 2, 3, 35, 14, 2, '12201600410002', 31, 2016, 0, 1),
(470, 1, 4, 3, 35, 14, 3, '12201600410003', 31, 2016, 0, 1),
(471, 1, 4, 3, 35, 14, 4, '12201600410004', 31, 2016, 0, 1),
(472, 1, 1, 3, 35, 14, 5, '12201600411005', 31, 2016, 0, 1),
(473, 1, 1, 3, 35, 14, 7, '12201600410007', 31, 2016, 0, 1),
(474, 1, 1, 3, 35, 14, 8, '12201600410008', 31, 2016, 0, 1),
(475, 1, 1, 3, 35, 14, 9, '12201600410009', 31, 2016, 0, 1),
(476, 1, 1, 3, 35, 14, 10, '12201600410010', 31, 2016, 0, 1),
(477, 1, 1, 3, 35, 14, 11, '12201600410011', 31, 2016, 0, 1),
(478, 1, 1, 3, 35, 14, 12, '12201600410012', 31, 2016, 0, 1),
(479, 1, 1, 3, 36, 14, 1, '12201600411001', 32, 2016, 0, 1),
(480, 1, 1, 3, 36, 14, 2, '12201600411002', 32, 2016, 0, 1),
(481, 1, 1, 3, 36, 14, 3, '12201600411003', 32, 2016, 0, 1),
(482, 1, 1, 3, 36, 14, 4, '12201600411004', 32, 2016, 0, 1),
(483, 1, 1, 3, 36, 14, 5, '12201600411005', 32, 2016, 0, 1),
(484, 1, 1, 3, 36, 14, 6, '12201600411006', 32, 2016, 0, 1),
(485, 1, 4, 3, 36, 14, 7, '12201600411007', 32, 2016, 0, 1),
(486, 1, 4, 3, 36, 14, 8, '12201600411008', 32, 2016, 0, 1),
(487, 1, 6, 4, 27, 15, 0, '', 2, 0, 0, 1),
(488, 1, 2, 3, 36, 14, 9, '12201600411009', 32, 2016, 0, 1),
(489, 1, 1, 3, 36, 14, 12, '12201600411012', 32, 2016, 0, 1),
(490, 1, 3, 3, 36, 14, 10, '12201600411010', 32, 2016, 0, 1),
(491, 1, 1, 2, 37, 14, 1, '11201200408001', 33, 2012, 0, 1),
(492, 1, 1, 3, 38, 18, 1, '12201500502001', 34, 2015, 0, 1),
(493, 1, 1, 3, 39, 18, 2, '12201600502002', 34, 2016, 0, 1),
(494, 1, 1, 3, 39, 18, 3, '12201600502003', 34, 2016, 0, 1),
(495, 1, 1, 3, 39, 18, 4, '12201600502004', 34, 2016, 0, 1),
(496, 1, 1, 3, 39, 18, 5, '12201600502005', 34, 2016, 0, 1),
(497, 1, 1, 3, 39, 18, 6, '12201600502006', 34, 2016, 0, 1),
(498, 1, 4, 3, 39, 18, 7, '12201600502007', 34, 2016, 0, 1),
(499, 1, 4, 3, 39, 18, 8, '12201600502008', 34, 2016, 0, 1),
(500, 1, 2, 3, 39, 18, 9, '12201600502009', 34, 2016, 0, 1),
(501, 1, 3, 3, 39, 18, 10, '12201600502010', 34, 2016, 0, 1),
(502, 1, 1, 3, 39, 18, 11, '12201600502011', 34, 2016, 0, 1),
(503, 1, 1, 3, 40, 18, 1, '12201500503001', 35, 2015, 0, 1),
(504, 1, 1, 3, 41, 18, 2, '12201600503002', 35, 2016, 0, 1),
(505, 1, 1, 3, 41, 18, 3, '12201600503003', 35, 2016, 0, 1),
(506, 1, 1, 3, 41, 18, 4, '12201600503004', 35, 2016, 0, 1),
(507, 1, 1, 3, 41, 18, 5, '12201600503005', 35, 2016, 0, 1),
(508, 1, 1, 3, 41, 18, 6, '12201600503006', 35, 2016, 0, 1),
(509, 1, 4, 3, 41, 18, 7, '12201600503007', 35, 2016, 0, 1),
(510, 1, 4, 3, 41, 18, 8, '12201600503008', 35, 2016, 0, 1),
(511, 1, 2, 3, 41, 18, 9, '12201600503009', 35, 2016, 0, 1),
(512, 1, 3, 3, 41, 18, 10, '12201200503010', 35, 2012, 0, 1),
(513, 1, 1, 3, 41, 18, 11, '12201600503011', 35, 2016, 0, 1),
(514, 1, 1, 1, 42, 19, 1, '10201201202001', 36, 2012, 0, 1),
(515, 1, 1, 1, 42, 19, 2, '10201201202002', 36, 2012, 0, 1),
(516, 1, 1, 1, 42, 19, 3, '10201201202003', 36, 2012, 0, 1),
(517, 1, 4, 1, 42, 19, 4, '10201201202004', 36, 2012, 0, 1),
(518, 1, 4, 1, 42, 19, 5, '10201201202005', 36, 2012, 0, 1),
(519, 1, 2, 1, 42, 19, 6, '10201201202006', 36, 2012, 0, 1),
(520, 1, 2, 1, 42, 19, 7, '10201201202007', 36, 2012, 0, 1),
(521, 1, 3, 1, 43, 18, 1, '10201000501001', 37, 2010, 0, 1),
(522, 1, 3, 1, 43, 18, 2, '10201000501002', 37, 2010, 0, 1),
(523, 1, 3, 1, 43, 18, 3, '10201000501003', 38, 2010, 0, 1),
(524, 1, 3, 1, 43, 18, 4, '10201000501004', 38, 2010, 0, 1),
(525, 1, 1, 1, 44, 18, 50, '10201500501050', 38, 2015, 0, 1),
(526, 1, 1, 1, 44, 18, 51, '10201500501051', 38, 2015, 0, 1),
(527, 1, 1, 1, 44, 18, 52, '10201500501052', 38, 2015, 0, 1),
(528, 1, 1, 1, 44, 18, 53, '10201500501053', 38, 2015, 0, 1),
(529, 1, 1, 1, 44, 18, 54, '10201500501054', 38, 2015, 0, 1),
(530, 1, 1, 1, 43, 18, 55, '10201000501055', 38, 2010, 0, 1),
(531, 1, 3, 1, 45, 18, 5, '10201100501005', 38, 2011, 0, 1),
(532, 1, 3, 1, 45, 18, 6, '10201100501006', 38, 2011, 0, 1),
(533, 1, 3, 1, 45, 18, 7, '10201100501007', 38, 2011, 0, 1),
(534, 1, 3, 1, 45, 18, 8, '10201100501008', 38, 2011, 0, 1),
(535, 1, 3, 1, 45, 18, 9, '10201100501009', 38, 2011, 0, 1),
(536, 1, 3, 1, 45, 18, 10, '10201100501010', 38, 2011, 0, 1),
(537, 1, 3, 1, 45, 18, 11, '10201100501011', 38, 2011, 0, 1),
(538, 1, 2, 1, 46, 18, 26, '10201300501026', 38, 2013, 0, 1),
(539, 1, 2, 1, 46, 18, 27, '10201300501027', 38, 2013, 0, 1),
(540, 1, 2, 1, 46, 18, 28, '10201300501028', 38, 2013, 0, 1),
(541, 1, 2, 1, 46, 18, 29, '10201300501029', 38, 2013, 0, 1),
(542, 1, 2, 1, 46, 18, 30, '10201300501030', 38, 2013, 0, 1),
(543, 1, 2, 1, 46, 18, 31, '10201300501031', 38, 2013, 0, 1),
(544, 1, 2, 1, 46, 18, 32, '10201300501032', 38, 2013, 0, 1),
(545, 1, 2, 1, 46, 18, 33, '10201300501033', 38, 2013, 0, 1),
(546, 1, 1, 1, 46, 18, 12, '10201300501012', 38, 2013, 0, 1),
(547, 1, 1, 1, 46, 18, 13, '10201300501013', 38, 2013, 0, 1),
(548, 1, 1, 1, 46, 18, 14, '10201300501014', 38, 2013, 0, 1),
(549, 1, 1, 1, 46, 18, 15, '10201300501015', 38, 2013, 0, 1),
(550, 1, 1, 1, 46, 18, 16, '10201300501016', 38, 2013, 0, 1),
(551, 1, 1, 1, 46, 18, 17, '10201300501017', 38, 2013, 0, 1),
(552, 1, 4, 1, 46, 18, 18, '10201300501018', 38, 2013, 0, 1),
(553, 1, 4, 1, 46, 18, 19, '10201300501019', 38, 2013, 0, 1),
(554, 1, 4, 1, 46, 18, 20, '10201300501020', 38, 2013, 0, 1),
(555, 1, 4, 1, 46, 18, 21, '10201300501021', 38, 2013, 0, 1),
(556, 1, 4, 1, 46, 18, 22, '10201300501022', 38, 2013, 0, 1),
(557, 1, 4, 1, 46, 18, 23, '10201300501023', 38, 2013, 0, 1),
(558, 1, 4, 1, 46, 18, 24, '10201300501024', 38, 2013, 0, 1),
(559, 1, 4, 1, 46, 18, 25, '10201300501025', 38, 2013, 0, 1),
(560, 1, 5, 1, 46, 18, 34, '10201300501034', 38, 2013, 0, 1),
(561, 1, 5, 1, 46, 18, 35, '10201300501035', 38, 2013, 0, 1),
(562, 1, 5, 1, 46, 18, 36, '10201300501036', 38, 2013, 0, 1),
(563, 1, 5, 1, 46, 18, 37, '10201300501037', 38, 2013, 0, 1),
(564, 1, 3, 1, 46, 18, 38, '10201300501038', 38, 2013, 0, 1),
(565, 1, 2, 1, 44, 18, 43, '10201500501043', 38, 2015, 0, 1),
(566, 1, 2, 1, 44, 18, 44, '10201500501044', 38, 2015, 0, 1),
(567, 1, 1, 1, 44, 18, 39, '10201500501039', 38, 2015, 0, 1),
(568, 1, 1, 1, 44, 18, 40, '10201500501040', 38, 2015, 0, 1),
(569, 1, 1, 1, 44, 18, 41, '10201500501041', 38, 2015, 0, 1),
(570, 1, 4, 1, 44, 18, 42, '10201500501042', 38, 2015, 0, 1),
(571, 1, 4, 1, 44, 18, 45, '10201500501045', 38, 2015, 0, 1),
(572, 1, 5, 1, 44, 18, 45, '10201500501045', 38, 2015, 0, 1),
(573, 1, 5, 1, 44, 18, 46, '10201500501046', 38, 2015, 0, 1),
(574, 1, 5, 1, 44, 18, 47, '10201500501047', 38, 2015, 0, 1),
(575, 1, 3, 1, 44, 18, 48, '10201500501048', 38, 2015, 0, 1),
(576, 1, 3, 1, 44, 18, 49, '10201500501049', 38, 2015, 0, 1),
(577, 1, 3, 1, 44, 18, 64, '10201500501064', 38, 2015, 0, 1),
(578, 1, 1, 1, 47, 18, 56, '10201600502056', 39, 2016, 0, 1),
(579, 1, 1, 1, 47, 18, 57, '10201600502057', 39, 2016, 0, 1),
(580, 1, 4, 1, 47, 18, 58, '10201600502058', 39, 2016, 0, 1),
(581, 1, 4, 1, 47, 18, 59, '10201600502059', 39, 2016, 0, 1),
(582, 1, 1, 1, 47, 18, 60, '10201600502060', 39, 2016, 0, 1),
(583, 1, 1, 1, 47, 18, 61, '10201600502061', 39, 2016, 0, 1),
(584, 1, 1, 1, 47, 18, 62, '10201600502062', 40, 2016, 0, 1),
(585, 1, 1, 1, 47, 18, 63, '10201600502063', 40, 2016, 0, 1),
(586, 1, 2, 1, 48, 20, 1, '10000001403001', 41, 0, 0, 1),
(587, 1, 1, 1, 48, 20, 7, '10000001402007', 42, 0, 0, 1),
(588, 1, 1, 1, 49, 20, 1, '10201101401001', 43, 2011, 0, 1),
(589, 1, 1, 1, 49, 20, 2, '10201101401002', 43, 2011, 0, 1),
(590, 1, 1, 1, 49, 20, 3, '10201101401003', 43, 2011, 0, 1),
(591, 1, 1, 1, 49, 20, 4, '10201101401004', 43, 2011, 0, 1),
(592, 1, 1, 1, 49, 20, 5, '10201101401005', 43, 2011, 0, 1),
(593, 1, 1, 1, 49, 20, 6, '10201101401006', 43, 2011, 0, 1),
(594, 1, 1, 2, 37, 14, 2, '11201200408002', 33, 2012, 0, 1),
(595, 1, 4, 1, 50, 13, 1, '10201300203001', 44, 2013, 0, 1),
(596, 1, 3, 1, 51, 16, 3, '10201200302003', 45, 2012, 0, 1),
(597, 1, 4, 1, 51, 16, 1, '10201200302001', 45, 2012, 0, 1),
(598, 1, 4, 1, 51, 16, 2, '10201200302002', 45, 2012, 0, 1),
(599, 1, 4, 3, 52, 19, 2, '12201601210002', 46, 2016, 0, 1),
(600, 1, 1, 3, 52, 19, 3, '12201601210003', 46, 2016, 0, 1),
(601, 1, 1, 3, 52, 19, 4, '12201601210004', 46, 2016, 0, 1),
(602, 1, 1, 3, 52, 19, 5, '12201601210005', 46, 2016, 0, 1),
(603, 1, 1, 3, 52, 19, 6, '12201601210006', 46, 2016, 0, 1),
(604, 1, 1, 3, 52, 19, 7, '12201601210007', 46, 2016, 0, 1),
(605, 1, 1, 3, 52, 19, 8, '12201601210008', 46, 2016, 0, 1),
(606, 1, 1, 3, 52, 19, 10, '12201601210010', 46, 2016, 0, 1),
(607, 1, 3, 3, 52, 19, 11, '12201601210011', 46, 2016, 0, 1),
(608, 1, 2, 3, 52, 19, 12, '12201601210012', 46, 2016, 0, 1),
(609, 1, 4, 1, 53, 16, 1, '10201200303001', 47, 2012, 0, 1),
(610, 1, 4, 1, 53, 16, 2, '10201200303002', 47, 2012, 0, 1),
(611, 1, 4, 1, 53, 16, 3, '10201200303003', 48, 2012, 0, 1),
(612, 1, 1, 1, 54, 21, 1, '10000000902001', 49, 0, 0, 1),
(613, 1, 1, 1, 54, 21, 2, '10000000902002', 49, 0, 0, 1),
(614, 1, 1, 1, 54, 21, 3, '10000000902003', 49, 0, 0, 1),
(615, 1, 1, 1, 54, 21, 4, '10000000902004', 49, 0, 0, 1),
(616, 1, 1, 1, 54, 21, 5, '10000000902005', 49, 0, 0, 1),
(617, 1, 1, 1, 54, 21, 6, '10000000902006', 49, 0, 0, 1),
(618, 1, 1, 1, 54, 21, 7, '10000000902007', 49, 0, 0, 1),
(619, 1, 1, 1, 54, 21, 8, '10000000902008', 49, 0, 0, 1),
(620, 1, 4, 1, 55, 21, 1, '10201200901001', 49, 2012, 0, 1),
(621, 1, 4, 1, 55, 21, 2, '10201200901002', 49, 2012, 0, 1),
(622, 1, 4, 1, 55, 21, 3, '10201200901003', 49, 2012, 0, 1),
(623, 1, 4, 1, 55, 21, 4, '10201200901004', 49, 2012, 0, 1),
(624, 1, 4, 1, 55, 21, 5, '10201200901005', 49, 2012, 0, 1),
(625, 1, 4, 1, 55, 21, 6, '10201200901006', 49, 2012, 0, 1),
(626, 1, 4, 1, 55, 21, 7, '10201200901007', 49, 2012, 0, 1),
(627, 1, 4, 1, 55, 21, 8, '10201200901008', 49, 2012, 0, 1),
(628, 1, 4, 1, 55, 21, 9, '10201200901009', 49, 2012, 0, 1),
(629, 1, 4, 1, 55, 21, 10, '10201200901010', 49, 2012, 0, 1),
(630, 1, 4, 1, 55, 21, 11, '10201200901011', 49, 2012, 0, 1),
(631, 1, 4, 1, 55, 21, 12, '10201200901012', 49, 2012, 0, 1),
(632, 1, 4, 1, 55, 21, 13, '10201200901013', 49, 2012, 0, 1),
(633, 1, 4, 1, 55, 21, 14, '10201200901014', 49, 2012, 0, 1),
(634, 1, 4, 1, 55, 21, 15, '10201200901015', 49, 2012, 0, 1),
(635, 1, 4, 1, 55, 21, 16, '10201200901016', 49, 2012, 0, 1),
(636, 1, 4, 1, 55, 21, 17, '10201200901017', 49, 2012, 0, 1),
(637, 1, 4, 1, 55, 21, 18, '10201200901018', 49, 2012, 0, 1),
(638, 1, 2, 1, 55, 21, 19, '10201200901019', 49, 2012, 0, 1),
(639, 1, 2, 1, 55, 21, 20, '10201200901020', 49, 2012, 0, 1),
(640, 1, 2, 1, 55, 21, 21, '10201200901021', 49, 2012, 0, 1),
(641, 1, 2, 1, 55, 21, 22, '10201200901022', 49, 2012, 0, 1),
(642, 1, 2, 1, 55, 21, 23, '10201200901023', 49, 2012, 0, 1),
(643, 1, 2, 1, 55, 21, 24, '10201200901024', 49, 2012, 0, 1),
(644, 1, 2, 1, 55, 21, 25, '10201200901025', 49, 2012, 0, 1),
(645, 1, 2, 1, 55, 21, 26, '10201200901026', 49, 2012, 0, 1),
(646, 1, 2, 1, 55, 21, 27, '10201200901027', 49, 2012, 0, 1),
(647, 1, 2, 1, 55, 21, 28, '10201200901028', 49, 2012, 0, 1),
(648, 1, 2, 1, 55, 21, 29, '10201200901029', 49, 2012, 0, 1),
(649, 1, 2, 1, 55, 21, 30, '10201200901030', 49, 2012, 0, 1),
(650, 1, 2, 1, 55, 21, 31, '10201200901031', 49, 2012, 0, 1),
(651, 1, 2, 1, 55, 21, 32, '10201200901032', 49, 2012, 0, 1),
(652, 1, 2, 1, 55, 21, 33, '10201200901033', 49, 2012, 0, 1),
(653, 1, 2, 1, 55, 21, 34, '10201200901034', 49, 2012, 0, 1),
(654, 1, 2, 1, 55, 21, 35, '10201200901035', 49, 2012, 0, 1),
(655, 1, 2, 1, 55, 21, 36, '10201200901036', 49, 2012, 0, 1),
(656, 1, 2, 1, 55, 21, 37, '10201200901037', 49, 2012, 0, 1),
(657, 1, 5, 1, 55, 21, 39, '10201200901039', 49, 2012, 0, 1),
(658, 1, 5, 1, 55, 21, 40, '10201200901040', 49, 2012, 0, 1),
(659, 1, 5, 1, 55, 21, 41, '10201200901041', 49, 2012, 0, 1),
(660, 1, 5, 1, 55, 21, 42, '10201200901042', 49, 2012, 0, 1),
(661, 1, 5, 1, 55, 21, 43, '10201200901043', 49, 2012, 0, 1),
(662, 1, 5, 1, 55, 21, 44, '10201200901044', 49, 2012, 0, 1),
(663, 1, 5, 1, 55, 21, 45, '10201200901045', 49, 2012, 0, 1),
(664, 1, 5, 1, 55, 21, 46, '10201200901046', 49, 2012, 0, 1),
(665, 1, 5, 1, 55, 21, 47, '10201200901047', 49, 2012, 0, 1),
(666, 1, 5, 1, 55, 21, 48, '10201200901048', 49, 2012, 0, 1),
(667, 1, 5, 1, 55, 21, 49, '10201200901049', 49, 2012, 0, 1),
(668, 1, 5, 1, 55, 21, 50, '10201200901050', 49, 2012, 0, 1),
(669, 1, 3, 1, 55, 21, 51, '10201200901051', 49, 2012, 0, 1),
(670, 1, 3, 1, 55, 21, 52, '10201200901052', 49, 2012, 0, 1),
(671, 1, 3, 1, 55, 21, 53, '10201200901053', 49, 2012, 0, 1),
(672, 1, 2, 1, 55, 21, 38, '10201200901038', 49, 2012, 0, 1),
(673, 1, 3, 1, 55, 21, 54, '10201200901054', 49, 2012, 0, 1),
(674, 1, 3, 1, 55, 21, 55, '10201200901055', 49, 2012, 0, 1),
(675, 1, 3, 1, 55, 21, 56, '10201200901056', 49, 2012, 0, 1),
(676, 1, 3, 1, 55, 21, 57, '10201200901057', 49, 2012, 0, 1),
(677, 1, 3, 1, 55, 21, 58, '10201200901058', 49, 2012, 0, 1),
(678, 1, 3, 1, 55, 21, 59, '10201200901059', 49, 2012, 0, 1),
(679, 1, 3, 1, 55, 21, 60, '10201200901060', 49, 2012, 0, 1),
(680, 1, 3, 1, 55, 21, 61, '10201200901061', 49, 2012, 0, 1),
(681, 1, 3, 1, 55, 21, 62, '10201200901062', 49, 2012, 0, 1),
(682, 1, 3, 1, 55, 21, 63, '10201200901063', 49, 2012, 0, 1),
(683, 1, 3, 1, 55, 21, 64, '10201200901064', 49, 2012, 0, 1),
(684, 1, 3, 1, 55, 21, 65, '10201200901065', 49, 2012, 0, 1),
(685, 1, 3, 1, 55, 21, 66, '10201200901066', 49, 2012, 0, 1),
(686, 1, 1, 2, 37, 14, 3, '11201200408003', 33, 2012, 0, 1),
(687, 1, 4, 1, 56, 19, 1, '10201101201001', 50, 2011, 0, 1),
(688, 1, 1, 1, 57, 19, 2, '10201601209002', 51, 2016, 0, 1),
(689, 1, 1, 1, 57, 19, 3, '10201601209003', 51, 2016, 0, 1),
(690, 1, 1, 1, 57, 19, 4, '10201601209004', 52, 2016, 0, 1),
(691, 1, 1, 1, 57, 19, 5, '10201601209005', 52, 2016, 0, 1),
(692, 1, 4, 1, 57, 19, 1, '10201601209001', 51, 2016, 0, 1),
(693, 1, 1, 1, 58, 19, 1, '10000001205001', 53, 0, 0, 1),
(694, 1, 2, 1, 59, 17, 2, '10201100701002', 2, 2011, 0, 1),
(695, 1, 4, 1, 59, 17, 1, '10201100701001', 2, 2011, 0, 1),
(696, 1, 1, 1, 60, 14, 1, '10201100407001', 54, 2011, 0, 1),
(697, 1, 1, 1, 60, 14, 2, '10201100407002', 54, 2011, 0, 1),
(698, 1, 1, 1, 60, 14, 3, '10201100407003', 54, 2011, 0, 1),
(699, 1, 1, 1, 60, 14, 4, '10201100407004', 54, 2011, 0, 1),
(700, 1, 1, 1, 60, 14, 5, '10201100407005', 54, 2011, 0, 1),
(701, 1, 1, 1, 60, 14, 6, '10201100407006', 54, 2011, 0, 1),
(702, 1, 1, 1, 60, 14, 22, '10201100407022', 54, 2011, 0, 1),
(703, 1, 1, 1, 60, 14, 23, '10201100407023', 54, 2011, 0, 1),
(704, 1, 1, 1, 60, 14, 24, '10201100407024', 54, 2011, 0, 1),
(705, 1, 1, 1, 60, 14, 25, '10201100407025', 54, 2011, 0, 1),
(706, 1, 1, 1, 60, 14, 26, '10201100407026', 54, 2011, 0, 1),
(707, 1, 5, 1, 60, 14, 15, '10201100407015', 54, 2011, 0, 1),
(708, 1, 5, 1, 60, 14, 16, '10201100407016', 54, 2011, 0, 1),
(709, 1, 5, 1, 60, 14, 17, '10201100407017', 54, 2011, 0, 1),
(710, 1, 3, 1, 60, 14, 18, '10201100407018', 54, 2011, 0, 1),
(711, 1, 3, 1, 60, 14, 19, '10201100407019', 54, 2011, 0, 1),
(712, 1, 2, 1, 60, 14, 11, '10201100407011', 54, 2011, 0, 1),
(713, 1, 3, 1, 60, 14, 20, '10201100407020', 54, 2011, 0, 1),
(714, 1, 2, 1, 60, 14, 12, '10201100407012', 54, 2011, 0, 1),
(715, 1, 3, 1, 60, 14, 21, '10201100407021', 54, 2011, 0, 1),
(716, 1, 4, 1, 60, 14, 7, '10201100407007', 54, 2011, 0, 1),
(717, 1, 2, 1, 60, 14, 13, '10201100407013', 54, 2011, 0, 1),
(718, 1, 2, 1, 60, 14, 14, '10201100407014', 54, 2011, 0, 1),
(719, 1, 4, 1, 60, 14, 8, '10201100407008', 54, 2011, 0, 1),
(720, 1, 4, 1, 60, 14, 9, '10201100407009', 54, 2011, 0, 1),
(721, 1, 4, 1, 60, 14, 10, '10201100407010', 54, 2011, 0, 1),
(722, 1, 1, 1, 61, 14, 1, '10000000415001', 55, 0, 0, 1),
(723, 1, 1, 1, 61, 14, 2, '10000000415002', 55, 0, 0, 1),
(724, 1, 1, 1, 62, 22, 1, '10201100601001', 56, 2011, 0, 1),
(725, 1, 1, 1, 62, 22, 1, '10201100602001', 57, 2011, 0, 1),
(726, 1, 1, 1, 62, 22, 2, '10201100601002', 56, 2011, 0, 1),
(727, 1, 1, 1, 62, 22, 3, '10201100601003', 56, 2011, 0, 1),
(728, 1, 1, 2, 37, 14, 4, '11201200408004', 33, 2012, 0, 1),
(729, 1, 3, 2, 37, 14, 5, '11201200408005', 33, 2012, 0, 1),
(730, 1, 4, 2, 63, 14, 6, '11201300408006', 33, 2013, 0, 1),
(731, 1, 4, 2, 63, 14, 7, '11201300408007', 33, 2013, 0, 1),
(732, 1, 1, 2, 64, 14, 8, '11201500408008', 33, 2015, 0, 1),
(733, 1, 1, 2, 64, 14, 9, '11201500408009', 33, 2015, 0, 1),
(734, 1, 1, 2, 64, 14, 10, '11201500408010', 33, 2015, 0, 1),
(735, 1, 1, 1, 65, 22, 1, '10201300603001', 58, 2013, 0, 1),
(736, 1, 4, 1, 65, 22, 2, '10201300603002', 58, 2013, 0, 1),
(737, 1, 1, 1, 65, 22, 2, '10201300603002', 58, 2013, 0, 1),
(738, 1, 2, 1, 65, 22, 3, '10201300603003', 58, 2013, 0, 1),
(739, 1, 2, 1, 65, 22, 4, '10201300603004', 58, 2013, 0, 1),
(740, 1, 2, 1, 65, 22, 5, '10201300603005', 58, 2013, 0, 1),
(741, 1, 5, 1, 65, 22, 6, '10201300603006', 58, 2013, 0, 1),
(742, 1, 5, 1, 65, 22, 7, '10201300603007', 58, 2013, 0, 1),
(743, 1, 5, 1, 65, 22, 8, '10201300603008', 58, 2013, 0, 1),
(744, 1, 3, 1, 65, 22, 9, '10201300603009', 58, 2013, 0, 1),
(745, 1, 3, 1, 65, 22, 10, '10201300603010', 58, 2013, 0, 1),
(746, 1, 3, 1, 65, 22, 11, '10201300603011', 58, 2013, 0, 1),
(747, 1, 3, 1, 65, 22, 12, '10201300603012', 58, 2013, 0, 1),
(748, 1, 3, 1, 65, 22, 13, '10201300603013', 58, 2013, 0, 1),
(749, 1, 1, 2, 64, 14, 11, '11201500408011', 33, 2015, 0, 1),
(750, 1, 1, 2, 64, 14, 12, '11201500408012', 33, 2015, 0, 1),
(751, 1, 1, 2, 64, 14, 13, '11201500408013', 33, 2015, 0, 1),
(752, 1, 1, 2, 64, 14, 14, '11201500408014', 33, 2015, 0, 1),
(753, 1, 4, 2, 64, 14, 15, '11201500408015', 33, 2015, 0, 1),
(754, 1, 4, 2, 64, 14, 16, '11201500408016', 33, 2015, 0, 1),
(755, 1, 4, 2, 64, 14, 17, '11201500408017', 33, 2015, 0, 1),
(756, 1, 2, 2, 64, 14, 18, '11201500408018', 33, 2015, 0, 1),
(757, 1, 2, 1, 66, 22, 24, '10201500603024', 58, 2015, 0, 1),
(758, 1, 1, 1, 66, 22, 15, '10201500603015', 58, 2015, 0, 1),
(759, 1, 1, 1, 66, 22, 16, '10201500603016', 58, 2015, 0, 1),
(760, 1, 1, 1, 66, 22, 17, '10201500603017', 58, 2015, 0, 1),
(761, 1, 1, 1, 66, 22, 18, '10201500603018', 58, 2015, 0, 1),
(762, 1, 6, 1, 66, 22, 0, '10201500603', 58, 2015, 0, 1),
(763, 1, 1, 1, 66, 22, 19, '10201500603019', 58, 2015, 0, 1),
(764, 1, 1, 1, 66, 22, 20, '10201500603020', 58, 2015, 0, 1),
(765, 1, 4, 1, 66, 22, 21, '10201500603021', 58, 2015, 0, 1),
(766, 1, 4, 1, 66, 22, 22, '10201500603022', 58, 2015, 0, 1),
(767, 1, 2, 2, 64, 14, 19, '11201500408019', 33, 2015, 0, 1),
(768, 1, 2, 2, 64, 14, 20, '11201500408020', 33, 2015, 0, 1),
(769, 1, 5, 1, 66, 22, 25, '10201500603025', 58, 2015, 0, 1),
(770, 1, 5, 1, 66, 22, 26, '10201500603026', 58, 2015, 0, 1),
(771, 1, 3, 1, 66, 22, 27, '10201500603027', 58, 2015, 0, 1),
(772, 1, 5, 2, 64, 14, 21, '11201500408021', 33, 2015, 0, 1),
(773, 1, 5, 2, 64, 14, 22, '11201500408022', 33, 2015, 0, 1),
(774, 1, 3, 1, 66, 22, 28, '10201500603028', 58, 2015, 0, 1),
(775, 1, 3, 2, 64, 14, 23, '11201500408023', 33, 2015, 0, 1),
(776, 1, 3, 2, 64, 14, 24, '11201500408024', 33, 2015, 0, 1),
(777, 1, 1, 2, 67, 14, 25, '11201600408025', 33, 2016, 0, 1),
(778, 1, 1, 2, 67, 14, 26, '11201600408026', 33, 2016, 0, 1),
(779, 1, 1, 2, 67, 14, 27, '11201600408027', 33, 2016, 0, 1),
(780, 1, 1, 2, 67, 14, 28, '11201600408028', 33, 2016, 0, 1),
(781, 1, 1, 2, 67, 14, 29, '11201600408029', 33, 2016, 0, 1),
(782, 1, 1, 2, 67, 14, 30, '11201600408030', 33, 2016, 0, 1),
(783, 1, 1, 2, 67, 14, 31, '11201600408031', 33, 2016, 0, 1),
(784, 1, 1, 2, 67, 14, 32, '11201600408032', 33, 2016, 0, 1),
(785, 1, 4, 2, 63, 14, 33, '11201300408033', 33, 2013, 0, 1),
(786, 1, 4, 2, 63, 14, 34, '11201300408034', 33, 2013, 0, 1),
(787, 1, 4, 2, 63, 14, 35, '11201300408035', 33, 2013, 0, 1),
(788, 1, 1, 2, 68, 22, 1, '11201200608001', 59, 2012, 0, 1),
(789, 1, 1, 2, 68, 22, 2, '11201200608002', 59, 2012, 0, 1),
(790, 1, 1, 2, 68, 22, 3, '11201200608003', 59, 2012, 0, 1),
(791, 1, 1, 1, 69, 22, 3, '10201600608003', 60, 2016, 0, 1),
(792, 1, 1, 1, 69, 22, 4, '10201600608004', 60, 2016, 0, 1),
(793, 1, 1, 1, 69, 22, 5, '10201600608005', 60, 2016, 0, 1),
(794, 1, 1, 1, 69, 22, 6, '10201600608006', 60, 2016, 0, 1),
(795, 1, 1, 1, 69, 22, 7, '10201600608007', 61, 2016, 0, 1),
(796, 1, 1, 1, 69, 22, 8, '10201600608008', 61, 2016, 0, 1),
(797, 1, 1, 1, 69, 22, 9, '10201600608009', 61, 2016, 0, 1),
(798, 1, 1, 1, 69, 22, 10, '10201600608010', 61, 2016, 0, 1),
(799, 1, 4, 1, 69, 22, 1, '10201600608001', 60, 2016, 0, 1),
(800, 1, 4, 1, 69, 22, 2, '10201600608002', 60, 2016, 0, 1),
(801, 1, 2, 1, 70, 22, 5, '10201200604005', 62, 2012, 0, 1),
(802, 1, 4, 1, 71, 22, 1, '10201000606001', 63, 2010, 0, 1),
(803, 1, 4, 1, 71, 22, 2, '10201000606002', 63, 2010, 0, 1),
(804, 1, 1, 1, 72, 22, 1, '10201000607001', 64, 2010, 0, 1),
(805, 1, 1, 1, 73, 22, 1, '10201200604001', 62, 2012, 0, 1),
(806, 1, 1, 1, 73, 22, 2, '10201200604002', 62, 2012, 0, 1),
(807, 1, 1, 1, 73, 22, 3, '10201200604003', 62, 2012, 0, 1),
(808, 1, 1, 1, 74, 22, 1, '10201200605001', 65, 2012, 0, 1),
(809, 1, 4, 1, 74, 22, 4, '10201200604004', 62, 2012, 0, 1),
(810, 1, 1, 2, 68, 22, 4, '11201200608004', 59, 2012, 0, 1),
(811, 1, 3, 1, 75, 14, 8, '10201100404008', 3, 2011, 0, 1),
(812, 1, 3, 1, 75, 14, 9, '10201100404009', 3, 2011, 0, 1),
(813, 1, 3, 1, 75, 14, 10, '10201100404010', 3, 2011, 0, 1),
(814, 1, 3, 1, 75, 14, 11, '10201100404011', 3, 2011, 0, 1),
(815, 1, 3, 1, 75, 14, 12, '10201100404012', 3, 2011, 0, 1),
(816, 1, 3, 1, 75, 14, 13, '10201100404013', 3, 2011, 0, 1),
(817, 1, 3, 1, 75, 14, 14, '10201100404014', 3, 2011, 0, 1),
(818, 1, 2, 1, 75, 14, 4, '10201100404004', 3, 2011, 0, 1),
(819, 1, 2, 1, 75, 14, 5, '10201100404005', 3, 2011, 0, 1),
(820, 1, 2, 1, 75, 14, 6, '10201100404006', 3, 2011, 0, 1),
(821, 1, 1, 1, 75, 14, 8, '10201100404008', 3, 2011, 0, 1),
(822, 1, 2, 1, 75, 14, 7, '10201100404007', 3, 2011, 0, 1),
(823, 1, 1, 1, 75, 14, 9, '10201100404009', 3, 2011, 0, 1),
(824, 1, 4, 1, 75, 14, 1, '10201100404001', 3, 2011, 0, 1),
(825, 1, 4, 1, 75, 14, 2, '10201100404002', 3, 2011, 0, 1),
(826, 1, 4, 1, 75, 14, 3, '10201100404003', 3, 2011, 0, 1),
(827, 1, 3, 2, 68, 22, 5, '11201200608005', 59, 2012, 0, 1),
(828, 1, 4, 2, 65, 22, 6, '11201300608006', 59, 2013, 0, 1),
(829, 1, 4, 2, 65, 22, 35, '11201300608035', 59, 2013, 0, 1),
(830, 1, 1, 2, 66, 22, 7, '11201500608007', 59, 2015, 0, 1),
(831, 1, 1, 2, 66, 22, 8, '11201500608008', 59, 2015, 0, 1),
(832, 1, 1, 2, 66, 22, 9, '11201500608009', 59, 2015, 0, 1),
(833, 1, 1, 2, 66, 22, 10, '11201500608010', 59, 2015, 0, 1),
(834, 1, 1, 2, 66, 22, 11, '11201500608011', 59, 2015, 0, 1),
(835, 1, 1, 2, 66, 22, 12, '11201500608012', 59, 2015, 0, 1),
(836, 1, 1, 2, 66, 22, 13, '11201500608013', 59, 2015, 0, 1),
(837, 1, 4, 2, 66, 22, 14, '11201500608014', 59, 2015, 0, 1),
(838, 1, 2, 2, 66, 22, 15, '11201500608015', 59, 2015, 0, 1),
(839, 1, 2, 2, 66, 22, 16, '11201500608016', 59, 2015, 0, 1),
(840, 1, 2, 2, 66, 22, 17, '11201500608017', 59, 2015, 0, 1),
(841, 1, 2, 2, 66, 22, 18, '11201500608018', 59, 2015, 0, 1),
(842, 1, 2, 2, 66, 22, 19, '', 59, 2015, 0, 1),
(843, 1, 5, 2, 66, 22, 20, '11201500608020', 59, 2015, 0, 1),
(844, 1, 5, 2, 66, 22, 21, '11201500608021', 59, 2015, 0, 1),
(845, 1, 3, 2, 66, 22, 22, '11201500608022', 59, 2015, 0, 1),
(846, 1, 3, 2, 66, 22, 23, '11201500608023', 59, 2015, 0, 1),
(847, 1, 4, 2, 69, 22, 32, '11201500608032', 59, 2015, 0, 1),
(848, 1, 4, 2, 69, 22, 33, '11201500608033', 59, 2015, 0, 1),
(849, 1, 4, 2, 69, 22, 34, '11201500608034', 59, 2015, 0, 1);
INSERT INTO `tbl_inventory` (`id_inventory`, `id_vendor`, `id_warehouse`, `id_brand`, `id_fixture`, `id_tipe`, `running_number`, `kode_inventory`, `id_detail`, `thn_produksi`, `thn_demolish`, `id_status`) VALUES
(850, 1, 1, 2, 69, 22, 24, '11201600608024', 59, 2016, 0, 1),
(851, 1, 1, 2, 69, 22, 25, '11201600608025', 59, 2016, 0, 1),
(852, 1, 1, 2, 69, 22, 26, '11201600608026', 59, 2016, 0, 1),
(853, 1, 1, 2, 69, 22, 27, '11201600608027', 59, 2016, 0, 1),
(854, 1, 1, 2, 69, 22, 28, '11201600608028', 59, 2016, 0, 1),
(855, 1, 1, 2, 69, 22, 29, '11201600608029', 59, 2016, 0, 1),
(856, 1, 1, 2, 69, 22, 30, '11201600608030', 59, 2016, 0, 1),
(857, 1, 1, 2, 69, 22, 31, '11201600608031', 59, 2016, 0, 1),
(858, 1, 4, 1, 76, 23, 1, '10201601002001', 66, 2016, 0, 1),
(859, 1, 1, 1, 76, 23, 2, '10201601002002', 66, 2016, 0, 1),
(860, 1, 1, 1, 76, 23, 3, '10201601002003', 66, 2016, 0, 1),
(861, 1, 1, 1, 76, 23, 4, '10201601002004', 67, 2016, 0, 1),
(862, 1, 1, 1, 77, 14, 1, '10201100406001', 68, 2011, 0, 1),
(863, 1, 1, 1, 77, 14, 2, '10201100406002', 68, 2011, 0, 1),
(864, 1, 1, 1, 77, 14, 3, '10201100406003', 68, 2011, 0, 1),
(865, 1, 1, 1, 77, 14, 4, '10201100406004', 68, 2011, 0, 1),
(866, 1, 1, 1, 77, 14, 5, '10201100406005', 68, 2011, 0, 1),
(867, 1, 3, 1, 78, 14, 1, '10201100401001', 69, 2011, 0, 1),
(868, 1, 3, 1, 78, 14, 1, '10201100402001', 70, 2011, 0, 1),
(869, 1, 3, 1, 78, 14, 1, '10201100403001', 71, 2011, 0, 1),
(870, 1, 3, 1, 78, 14, 2, '10201100401002', 69, 2011, 0, 1),
(871, 1, 3, 1, 78, 14, 2, '10201100402002', 70, 2011, 0, 1),
(872, 1, 3, 1, 78, 14, 2, '10201100403002', 71, 2011, 0, 1),
(873, 1, 5, 1, 79, 14, 14, '10201300402014', 70, 2013, 0, 1),
(874, 1, 5, 1, 79, 14, 14, '10201300403014', 71, 2013, 0, 1),
(875, 1, 5, 1, 79, 14, 15, '10201300402015', 70, 2013, 0, 1),
(876, 1, 5, 1, 79, 14, 15, '10201300403015', 71, 2013, 0, 1),
(877, 1, 3, 1, 79, 14, 16, '10201300402016', 70, 2013, 0, 1),
(878, 1, 3, 1, 79, 14, 16, '10201300403016', 71, 2013, 0, 1),
(879, 1, 2, 1, 79, 14, 11, '10201300402011', 70, 2013, 0, 1),
(880, 1, 1, 1, 79, 14, 3, '10201300402003', 70, 2013, 0, 1),
(881, 1, 1, 1, 79, 14, 3, '10201300403003', 71, 2013, 0, 1),
(882, 1, 2, 1, 79, 14, 11, '10201300403011', 71, 2013, 0, 1),
(883, 1, 1, 1, 79, 14, 4, '10201300402004', 70, 2013, 0, 1),
(884, 1, 1, 1, 79, 14, 4, '10201300403004', 71, 2013, 0, 1),
(885, 1, 2, 1, 79, 14, 12, '10201300402012', 70, 2013, 0, 1),
(886, 1, 1, 1, 79, 14, 5, '10201300402005', 70, 2013, 0, 1),
(887, 1, 1, 1, 79, 14, 5, '10201300403005', 71, 2013, 0, 1),
(888, 1, 1, 1, 79, 14, 6, '10201300402006', 70, 2013, 0, 1),
(889, 1, 1, 1, 79, 14, 6, '10201300403006', 71, 2013, 0, 1),
(890, 1, 2, 1, 79, 14, 12, '10201300403012', 71, 2013, 0, 1),
(891, 1, 1, 1, 79, 14, 7, '10201300402007', 70, 2013, 0, 1),
(892, 1, 2, 1, 79, 14, 13, '10201300402013', 70, 2013, 0, 1),
(893, 1, 1, 1, 79, 14, 7, '10201300403007', 71, 2013, 0, 1),
(894, 1, 2, 1, 79, 14, 13, '10201300403013', 71, 2013, 0, 1),
(895, 1, 4, 1, 79, 14, 8, '10201300402008', 70, 2013, 0, 1),
(896, 1, 4, 1, 79, 14, 8, '10201300403008', 71, 2013, 0, 1),
(897, 1, 4, 1, 79, 14, 9, '10201300402009', 70, 2013, 0, 1),
(898, 1, 4, 1, 79, 14, 9, '10201300403009', 71, 2013, 0, 1),
(899, 1, 4, 1, 79, 14, 10, '10201300402010', 70, 2013, 0, 1),
(900, 1, 4, 1, 79, 14, 10, '10201300403010', 71, 2013, 0, 1),
(901, 1, 1, 1, 80, 14, 17, '10201500402017', 70, 2015, 0, 1),
(902, 1, 1, 1, 80, 14, 17, '10201500403017', 71, 2015, 0, 1),
(903, 1, 1, 1, 80, 14, 18, '10201500402018', 70, 2015, 0, 1),
(904, 1, 1, 1, 80, 14, 18, '10201500403018', 71, 2015, 0, 1),
(905, 1, 1, 1, 80, 14, 19, '10201500402019', 70, 2015, 0, 1),
(906, 1, 1, 1, 80, 14, 19, '10201500403019', 71, 2015, 0, 1),
(907, 1, 2, 1, 80, 14, 25, '10201500402025', 70, 2015, 0, 1),
(908, 1, 2, 1, 80, 14, 25, '10201500403025', 71, 2015, 0, 1),
(909, 1, 2, 1, 80, 14, 26, '10201500402026', 70, 2015, 0, 1),
(910, 1, 1, 1, 80, 14, 20, '10201500402020', 70, 2015, 0, 1),
(911, 1, 1, 1, 80, 14, 20, '10201500403020', 71, 2015, 0, 1),
(912, 1, 2, 1, 80, 14, 26, '10201500403026', 71, 2015, 0, 1),
(913, 1, 1, 1, 80, 14, 21, '10201500402021', 70, 2015, 0, 1),
(914, 1, 1, 1, 80, 14, 21, '10201500403021', 71, 2015, 0, 1),
(915, 1, 1, 1, 80, 14, 22, '10201500402022', 70, 2015, 0, 1),
(916, 1, 1, 1, 80, 14, 22, '10201500403022', 71, 2015, 0, 1),
(917, 1, 5, 1, 80, 14, 27, '10201500402027', 70, 2015, 0, 1),
(918, 1, 5, 1, 80, 14, 27, '10201500403027', 71, 2015, 0, 1),
(919, 1, 5, 1, 80, 14, 28, '10201500402028', 70, 2015, 0, 1),
(920, 1, 5, 1, 80, 14, 28, '10201500403028', 71, 2015, 0, 1),
(921, 1, 3, 1, 80, 14, 29, '10201500402029', 70, 2015, 0, 1),
(922, 1, 3, 1, 80, 14, 29, '10201500403029', 71, 2015, 0, 1),
(923, 1, 3, 1, 80, 14, 30, '10201500402030', 70, 2015, 0, 1),
(924, 1, 3, 1, 80, 14, 30, '10201500403030', 71, 2015, 0, 1),
(925, 1, 4, 1, 80, 14, 23, '10201500402023', 70, 2015, 0, 1),
(926, 1, 4, 1, 80, 14, 23, '10201500403023', 71, 2015, 0, 1),
(927, 1, 4, 1, 80, 14, 24, '10201500402024', 70, 2015, 0, 1),
(928, 1, 4, 1, 80, 14, 24, '10201500403024', 71, 2015, 0, 1),
(929, 1, 4, 1, 81, 14, 1, '10201000405001', 63, 2010, 0, 1),
(930, 1, 1, 1, 82, 24, 1, '10000000802001', 72, 0, 0, 1),
(931, 1, 1, 1, 82, 24, 2, '10000000802002', 72, 0, 0, 1),
(932, 1, 1, 1, 82, 24, 3, '10000000802003', 72, 0, 0, 1),
(933, 1, 1, 1, 82, 24, 4, '10000000802004', 72, 0, 0, 1),
(934, 1, 1, 1, 82, 24, 5, '10000000802005', 72, 0, 0, 1),
(935, 1, 2, 1, 83, 24, 17, '10201100803017', 2, 2011, 0, 1),
(936, 1, 2, 1, 83, 24, 18, '10201100803018', 2, 2011, 0, 1),
(937, 1, 2, 1, 83, 24, 19, '10201100803019', 2, 2011, 0, 1),
(938, 1, 2, 1, 83, 24, 20, '10201100803020', 2, 2011, 0, 1),
(939, 1, 2, 1, 83, 24, 21, '10201100803021', 2, 2011, 0, 1),
(940, 1, 2, 1, 83, 24, 22, '10201100803022', 2, 2011, 0, 1),
(941, 1, 2, 1, 83, 24, 23, '10201100803023', 2, 2011, 0, 1),
(942, 1, 2, 1, 83, 24, 24, '10201100803024', 2, 2011, 0, 1),
(943, 1, 2, 1, 83, 24, 25, '10201100803025', 2, 2011, 0, 1),
(944, 1, 2, 1, 83, 24, 26, '10201100803026', 2, 2011, 0, 1),
(945, 1, 2, 1, 83, 24, 27, '10201100803027', 2, 2011, 0, 1),
(946, 1, 2, 1, 83, 24, 28, '10201100803028', 2, 2011, 0, 1),
(947, 1, 2, 1, 83, 24, 29, '10201100803029', 2, 2011, 0, 1),
(948, 1, 2, 1, 83, 24, 30, '10201100803030', 2, 2011, 0, 1),
(949, 1, 2, 1, 83, 24, 31, '10201100803031', 2, 2011, 0, 1),
(950, 1, 2, 1, 83, 24, 32, '10201100803032', 2, 2011, 0, 1),
(951, 1, 2, 1, 83, 24, 33, '10201100803033', 2, 2011, 0, 1),
(952, 1, 2, 1, 83, 24, 34, '10201100803034', 2, 2011, 0, 1),
(953, 1, 2, 1, 83, 24, 35, '10201100803035', 2, 2011, 0, 1),
(954, 1, 2, 1, 83, 24, 36, '10201100803036', 2, 2011, 0, 1),
(955, 1, 2, 1, 83, 24, 37, '10201100803037', 2, 2011, 0, 1),
(956, 1, 3, 1, 83, 24, 38, '10201100803038', 2, 2011, 0, 1),
(957, 1, 3, 1, 83, 24, 39, '10201100803039', 2, 2011, 0, 1),
(958, 1, 3, 1, 83, 24, 40, '10201100803040', 2, 2011, 0, 1),
(959, 1, 3, 1, 83, 24, 41, '10201100803041', 2, 2011, 0, 1),
(960, 1, 3, 1, 83, 24, 42, '10201100803042', 2, 2011, 0, 1),
(961, 1, 3, 1, 83, 24, 43, '10201100803043', 2, 2011, 0, 1),
(962, 1, 3, 1, 83, 24, 44, '10201100803044', 2, 2011, 0, 1),
(963, 1, 3, 1, 83, 24, 45, '10201100803045', 2, 2011, 0, 1),
(964, 1, 3, 1, 83, 24, 46, '10201100803046', 2, 2011, 0, 1),
(965, 1, 4, 1, 83, 24, 1, '10201100803001', 2, 2011, 0, 1),
(966, 1, 3, 1, 83, 24, 47, '10201100803047', 2, 2011, 0, 1),
(967, 1, 4, 1, 83, 24, 2, '10201100803002', 2, 2011, 0, 1),
(968, 1, 3, 1, 83, 24, 48, '10201100803048', 2, 2011, 0, 1),
(969, 1, 4, 1, 83, 24, 3, '10201100803003', 2, 2011, 0, 1),
(970, 1, 3, 1, 83, 24, 49, '10201100803049', 2, 2011, 0, 1),
(971, 1, 4, 1, 83, 24, 4, '10201100803004', 2, 2011, 0, 1),
(972, 1, 3, 1, 83, 24, 50, '10201100803050', 2, 2011, 0, 1),
(973, 1, 4, 1, 83, 24, 5, '10201100803005', 2, 2011, 0, 1),
(974, 1, 3, 1, 83, 24, 51, '10201100803051', 2, 2011, 0, 1),
(975, 1, 4, 1, 83, 24, 6, '10201100803006', 2, 2011, 0, 1),
(976, 1, 3, 1, 83, 24, 52, '10201100803052', 2, 2011, 0, 1),
(977, 1, 4, 1, 83, 24, 7, '10201100803007', 2, 2011, 0, 1),
(978, 1, 3, 1, 83, 24, 53, '10201100803053', 2, 2011, 0, 1),
(979, 1, 3, 1, 83, 24, 54, '10201100803054', 2, 2011, 0, 1),
(980, 1, 3, 1, 83, 24, 55, '10201100803055', 2, 2011, 0, 1),
(981, 1, 3, 1, 83, 24, 56, '10201100803056', 2, 2011, 0, 1),
(982, 1, 3, 1, 83, 24, 57, '10201100803057', 2, 2011, 0, 1),
(983, 1, 4, 1, 83, 24, 8, '10201100803008', 2, 2011, 0, 1),
(984, 1, 3, 1, 83, 24, 58, '10201100803058', 2, 2011, 0, 1),
(985, 1, 4, 1, 83, 24, 9, '10201100803009', 2, 2011, 0, 1),
(986, 1, 3, 1, 83, 24, 59, '10201100803059', 2, 2011, 0, 1),
(987, 1, 3, 1, 83, 24, 60, '10201100803060', 2, 2011, 0, 1),
(988, 1, 3, 1, 83, 24, 61, '10201100803061', 2, 2011, 0, 1),
(989, 1, 3, 1, 83, 24, 62, '10201100803062', 2, 2011, 0, 1),
(990, 1, 3, 1, 83, 24, 63, '10201100803063', 2, 2011, 0, 1),
(991, 1, 3, 1, 83, 24, 64, '10201100803064', 2, 2011, 0, 1),
(992, 1, 3, 1, 83, 24, 65, '10201100803065', 2, 2011, 0, 1),
(993, 1, 3, 1, 83, 24, 66, '10201100803066', 2, 2011, 0, 1),
(994, 1, 3, 1, 83, 24, 67, '10201100803067', 2, 2011, 0, 1),
(995, 1, 4, 1, 83, 24, 10, '10201100803010', 2, 2011, 0, 1),
(996, 1, 4, 1, 83, 24, 11, '10201100803011', 2, 2011, 0, 1),
(997, 1, 4, 1, 83, 24, 12, '10201100803012', 2, 2011, 0, 1),
(998, 1, 4, 1, 83, 24, 13, '10201100803013', 2, 2011, 0, 1),
(999, 1, 4, 1, 83, 24, 14, '10201100803014', 2, 2011, 0, 1),
(1000, 1, 4, 1, 83, 24, 15, '10201100803015', 2, 2011, 0, 1),
(1001, 1, 4, 1, 83, 24, 16, '10201100803016', 2, 2011, 0, 1),
(1002, 1, 3, 1, 84, 24, 5, '10201200804005', 73, 2012, 0, 1),
(1003, 1, 3, 1, 84, 24, 6, '10201200804006', 73, 2012, 0, 1),
(1004, 1, 3, 1, 84, 24, 7, '10201200804007', 73, 2012, 0, 1),
(1005, 1, 2, 1, 84, 24, 3, '10201200804003', 73, 2012, 0, 1),
(1006, 1, 2, 1, 84, 24, 4, '10201200804004', 73, 2012, 0, 1),
(1007, 1, 4, 1, 84, 24, 1, '10201200804001', 73, 2012, 0, 1),
(1008, 1, 4, 1, 84, 24, 2, '10201200804002', 73, 2012, 0, 1),
(1009, 1, 1, 1, 85, 25, 1, '10201601003001', 74, 2016, 0, 1),
(1010, 1, 1, 1, 85, 25, 2, '10201601003002', 74, 2016, 0, 1),
(1011, 1, 1, 1, 85, 25, 3, '10201601003003', 74, 2016, 0, 1),
(1012, 1, 4, 1, 85, 25, 4, '10201601003004', 74, 2016, 0, 1),
(1013, 1, 1, 1, 86, 19, 3, '10201301204003', 75, 2013, 0, 1),
(1014, 1, 4, 1, 86, 19, 1, '10201301204001', 75, 2013, 0, 1),
(1015, 1, 4, 1, 86, 19, 2, '10201301204002', 75, 2013, 0, 1),
(1016, 1, 2, 1, 87, 19, 1, '10000001208001', 76, 0, 0, 1),
(1017, 1, 1, 3, 88, 21, 1, '12201500903001', 77, 2015, 0, 1),
(1018, 1, 4, 3, 89, 21, 7, '12201600903007', 77, 2016, 0, 1),
(1019, 1, 4, 3, 89, 21, 8, '12201600903008', 77, 2016, 0, 1),
(1020, 1, 1, 3, 89, 21, 2, '12201600903002', 77, 2016, 0, 1),
(1021, 1, 1, 3, 89, 21, 3, '12201600903003', 77, 2016, 0, 1),
(1022, 1, 1, 3, 89, 21, 4, '12201600903004', 77, 2016, 0, 1),
(1023, 1, 1, 3, 89, 21, 5, '12201600903005', 77, 2016, 0, 1),
(1024, 1, 1, 3, 89, 21, 6, '12201600903006', 77, 2016, 0, 1),
(1025, 1, 3, 3, 89, 21, 10, '12201600903010', 77, 2016, 0, 1),
(1026, 1, 2, 3, 89, 21, 9, '12201600903009', 77, 2016, 0, 1),
(1027, 1, 2, 1, 90, 19, 2, '10201201203002', 78, 2012, 0, 1),
(1028, 1, 1, 1, 90, 19, 1, '10201201203001', 78, 2012, 0, 1),
(1029, 1, 1, 3, 91, 16, 1, '12201600312001', 3, 2016, 0, 1),
(1030, 1, 1, 3, 91, 16, 2, '12201600312002', 3, 2016, 0, 1),
(1031, 1, 1, 3, 91, 16, 3, '12201600312003', 3, 2016, 0, 1),
(1032, 1, 1, 3, 91, 16, 4, '12201600312004', 3, 2016, 0, 1),
(1033, 1, 1, 3, 91, 16, 5, '12201600312005', 3, 2016, 0, 1),
(1034, 1, 1, 3, 91, 16, 6, '12201600312006', 3, 2016, 0, 1),
(1035, 1, 1, 3, 91, 16, 7, '12201600312007', 3, 2016, 0, 1),
(1036, 1, 1, 3, 91, 16, 8, '12201600312008', 3, 2016, 0, 1),
(1037, 1, 1, 3, 91, 16, 9, '12201600312009', 3, 2016, 0, 1),
(1038, 1, 1, 3, 91, 16, 10, '12201600312010', 3, 2016, 0, 1),
(1039, 1, 1, 3, 91, 16, 11, '12201600312011', 3, 2016, 0, 1),
(1040, 1, 1, 3, 91, 16, 12, '12201600312012', 3, 2016, 0, 1),
(1041, 1, 1, 3, 91, 16, 13, '12201600312013', 3, 2016, 0, 1),
(1042, 1, 1, 3, 91, 16, 14, '12201600312014', 3, 2016, 0, 1),
(1043, 1, 1, 3, 91, 16, 15, '12201600312015', 3, 2016, 0, 1),
(1044, 1, 1, 3, 91, 16, 16, '12201600312016', 3, 2016, 0, 1),
(1045, 1, 1, 3, 91, 16, 17, '12201600312017', 3, 2016, 0, 1),
(1046, 1, 1, 3, 91, 16, 18, '12201600312018', 3, 2016, 0, 1),
(1047, 1, 4, 3, 91, 16, 19, '12201600312019', 79, 2016, 0, 1),
(1048, 1, 1, 3, 91, 16, 36, '12201600312036', 3, 2016, 0, 1),
(1049, 1, 4, 3, 91, 16, 20, '12201600312020', 79, 2016, 0, 1),
(1050, 1, 4, 3, 91, 16, 21, '12201600312021', 79, 2016, 0, 1),
(1051, 1, 4, 3, 91, 16, 22, '12201600312022', 79, 2016, 0, 1),
(1052, 1, 4, 3, 91, 16, 23, '12201600312023', 79, 2016, 0, 1),
(1053, 1, 4, 3, 91, 16, 24, '12201600312024', 79, 2016, 0, 1),
(1054, 1, 2, 3, 91, 16, 25, '12201600312025', 3, 2016, 0, 1),
(1055, 1, 2, 3, 91, 16, 26, '12201600312026', 3, 2016, 0, 1),
(1056, 1, 2, 3, 91, 16, 27, '12201600312027', 3, 2016, 0, 1),
(1057, 1, 3, 3, 91, 16, 28, '12201600312028', 3, 2016, 0, 1),
(1058, 1, 3, 3, 91, 16, 29, '12201600312029', 3, 2016, 0, 1),
(1059, 1, 3, 3, 91, 16, 30, '12201600312030', 3, 2016, 0, 1),
(1060, 1, 1, 3, 91, 16, 31, '12201600312031', 3, 2016, 0, 1),
(1061, 1, 1, 3, 91, 16, 32, '12201600312032', 3, 2016, 0, 1),
(1062, 1, 1, 1, 76, 23, 5, '10201601002005', 67, 2016, 0, 1),
(1063, 1, 1, 2, 92, 23, 1, '11201201002001', 80, 2012, 0, 1),
(1064, 1, 1, 2, 92, 23, 2, '11201201002002', 80, 2012, 0, 1),
(1065, 1, 1, 2, 92, 23, 3, '11201201002003', 80, 2012, 0, 1),
(1066, 1, 3, 2, 92, 23, 9, '11201201002009', 80, 2012, 0, 1),
(1067, 1, 4, 2, 93, 23, 10, '11201301002010', 80, 2013, 0, 1),
(1068, 1, 4, 2, 93, 23, 11, '11201301002011', 80, 2013, 0, 1),
(1069, 1, 4, 2, 93, 23, 12, '11201301002012', 80, 2013, 0, 1),
(1070, 1, 4, 2, 93, 23, 13, '11201301002013', 80, 2013, 0, 1),
(1071, 1, 4, 2, 94, 23, 38, '11201301002038', 80, 2013, 0, 1),
(1072, 1, 4, 2, 94, 23, 39, '11201301002039', 80, 2013, 0, 1),
(1073, 1, 4, 2, 94, 23, 40, '11201301002040', 80, 2013, 0, 1),
(1074, 1, 4, 2, 94, 23, 41, '11201301002041', 80, 2013, 0, 1),
(1075, 1, 4, 2, 94, 23, 42, '11201301002042', 80, 2013, 0, 1),
(1076, 1, 4, 2, 94, 23, 43, '11201301002043', 80, 2013, 0, 1),
(1077, 1, 4, 2, 94, 23, 54, '11201301002054', 80, 2013, 0, 1),
(1078, 1, 4, 2, 94, 23, 55, '11201301002055', 80, 2013, 0, 1),
(1079, 1, 1, 2, 94, 23, 14, '11201501002014', 80, 2015, 0, 1),
(1080, 1, 1, 2, 94, 23, 15, '11201501002015', 80, 2015, 0, 1),
(1081, 1, 1, 2, 94, 23, 16, '11201501002016', 80, 2015, 0, 1),
(1082, 1, 1, 2, 94, 23, 17, '11201501002017', 80, 2015, 0, 1),
(1083, 1, 1, 2, 94, 23, 18, '11201501002018', 80, 2015, 0, 1),
(1084, 1, 1, 2, 94, 23, 19, '11201501002019', 80, 2015, 0, 1),
(1085, 1, 1, 2, 94, 23, 20, '11201501002020', 80, 2015, 0, 1),
(1086, 1, 1, 2, 94, 23, 21, '11201501002021', 80, 2015, 0, 1),
(1087, 1, 1, 2, 94, 23, 22, '11201501002022', 80, 2015, 0, 1),
(1088, 1, 1, 2, 94, 23, 23, '11201501002023', 80, 2015, 0, 1),
(1089, 1, 2, 2, 94, 23, 24, '11201501002024', 80, 2015, 0, 1),
(1090, 1, 1, 2, 94, 23, 24, '11201501002024', 80, 2015, 0, 1),
(1091, 1, 2, 2, 94, 23, 25, '11201501002025', 80, 2015, 0, 1),
(1092, 1, 1, 2, 94, 23, 25, '11201501002025', 80, 2015, 0, 1),
(1093, 1, 1, 2, 94, 23, 26, '11201501002026', 80, 2015, 0, 1),
(1094, 1, 1, 2, 94, 23, 27, '11201501002027', 80, 2015, 0, 1),
(1095, 1, 4, 2, 94, 23, 28, '11201501002028', 80, 2015, 0, 1),
(1096, 1, 4, 2, 94, 23, 29, '11201501002029', 80, 2015, 0, 1),
(1097, 1, 5, 2, 94, 23, 30, '11201501002030', 80, 2015, 0, 1),
(1098, 1, 5, 2, 94, 23, 31, '11201501002031', 80, 2015, 0, 1),
(1099, 1, 5, 2, 94, 23, 32, '11201501002032', 80, 2015, 0, 1),
(1100, 1, 5, 2, 94, 23, 33, '11201501002033', 80, 2015, 0, 1),
(1101, 1, 3, 2, 94, 23, 34, '11201501002034', 80, 2015, 0, 1),
(1102, 1, 3, 2, 94, 23, 35, '11201501002035', 80, 2015, 0, 1),
(1103, 1, 3, 2, 94, 23, 36, '11201501002036', 80, 2015, 0, 1),
(1104, 1, 3, 2, 94, 23, 37, '11201501002037', 80, 2015, 0, 1),
(1105, 1, 2, 2, 94, 23, 46, '11201501002046', 80, 2015, 0, 1),
(1106, 1, 2, 2, 94, 23, 47, '11201501002047', 80, 2015, 0, 1),
(1107, 1, 2, 2, 94, 23, 48, '11201501002048', 80, 2015, 0, 1),
(1108, 1, 2, 2, 94, 23, 49, '11201501002049', 80, 2015, 0, 1),
(1109, 1, 2, 2, 94, 23, 50, '11201501002050', 80, 2015, 0, 1),
(1110, 1, 2, 2, 94, 23, 51, '11201501002051', 80, 2015, 0, 1),
(1111, 1, 2, 2, 94, 23, 52, '11201501002052', 80, 2015, 0, 1),
(1112, 1, 1, 2, 76, 23, 39, '11201601002039', 80, 2016, 0, 1),
(1113, 1, 1, 2, 76, 23, 40, '11201601002040', 80, 2016, 0, 1),
(1114, 1, 1, 2, 76, 23, 41, '11201601002041', 80, 2016, 0, 1),
(1115, 1, 1, 2, 76, 23, 42, '11201601002042', 80, 2016, 0, 1),
(1116, 1, 1, 2, 76, 23, 43, '11201601002043', 80, 2016, 0, 1),
(1117, 1, 1, 2, 76, 23, 44, '11201601002044', 80, 2016, 0, 1),
(1118, 1, 1, 2, 76, 23, 45, '11201601002045', 80, 2016, 0, 1),
(1119, 1, 1, 2, 76, 23, 46, '11201601002046', 80, 2016, 0, 1),
(1120, 1, 1, 2, 76, 23, 47, '11201601002047', 80, 2016, 0, 1),
(1121, 1, 1, 2, 76, 23, 48, '11201601002048', 80, 2016, 0, 1),
(1122, 1, 1, 2, 76, 23, 49, '11201601002049', 80, 2016, 0, 1),
(1123, 1, 1, 2, 76, 23, 50, '11201601002050', 80, 2016, 0, 1),
(1124, 1, 1, 2, 76, 23, 51, '11201601002051', 80, 2016, 0, 1),
(1125, 1, 1, 2, 76, 23, 52, '11201601002052', 80, 2016, 0, 1),
(1126, 1, 1, 2, 76, 23, 53, '11201601002053', 80, 2016, 0, 1),
(1127, 1, 1, 2, 76, 23, 54, '11201601002054', 80, 2016, 0, 1),
(1128, 1, 1, 2, 76, 23, 55, '11201601002055', 80, 2016, 0, 1),
(1129, 1, 1, 2, 76, 23, 56, '11201601002056', 80, 2016, 0, 1),
(1130, 1, 1, 2, 76, 23, 57, '11201601002057', 80, 2016, 0, 1),
(1131, 1, 1, 2, 76, 23, 58, '11201601002058', 80, 2016, 0, 1),
(1132, 1, 1, 2, 76, 23, 59, '11201601002059', 80, 2016, 0, 1),
(1133, 1, 1, 2, 76, 23, 60, '11201601002060', 80, 2016, 0, 1),
(1134, 1, 2, 2, 95, 26, 1, '11201601401001', 2, 2016, 0, 1),
(1135, 1, 2, 2, 95, 26, 2, '11201601401002', 2, 2016, 0, 1),
(1136, 1, 2, 2, 95, 26, 3, '11201601401003', 2, 2016, 0, 1),
(1137, 1, 1, 2, 87, 19, 1, '11000001206001', 81, 0, 0, 1),
(1138, 1, 1, 2, 76, 23, 61, '11201601002061', 80, 2016, 0, 1),
(1139, 1, 1, 3, 96, 23, 1, '12201501003001', 3, 2015, 0, 1),
(1140, 1, 1, 3, 97, 23, 2, '12201601003002', 3, 2016, 0, 1),
(1141, 1, 1, 3, 97, 23, 3, '12201601003003', 3, 2016, 0, 1),
(1142, 1, 1, 3, 97, 23, 4, '12201601003004', 3, 2016, 0, 1),
(1143, 1, 1, 3, 97, 23, 5, '12201601003005', 3, 2016, 0, 1),
(1144, 1, 1, 3, 97, 23, 6, '12201601003006', 3, 2016, 0, 1),
(1145, 1, 4, 3, 97, 23, 7, '12201601003007', 3, 2016, 0, 1),
(1146, 1, 4, 3, 97, 23, 8, '12201601003008', 3, 2016, 0, 1),
(1147, 1, 1, 3, 97, 23, 8, '12201601003008', 3, 2016, 0, 1),
(1148, 1, 2, 3, 97, 23, 9, '12201601003009', 3, 2016, 0, 1),
(1149, 1, 3, 3, 97, 23, 10, '12201601003010', 3, 2016, 0, 1),
(1150, 1, 1, 1, 98, 23, 1, '10201101001001', 82, 2011, 0, 1),
(1151, 1, 1, 1, 98, 23, 2, '10201101001002', 82, 2011, 0, 1),
(1152, 1, 1, 1, 98, 23, 3, '10201101001003', 82, 2011, 0, 1),
(1153, 1, 4, 1, 99, 27, 1, '10201201103001', 83, 2012, 0, 1),
(1154, 1, 4, 1, 99, 27, 2, '10201201103002', 83, 2012, 0, 1),
(1155, 1, 4, 1, 99, 27, 3, '10201201103003', 83, 2012, 0, 1),
(1156, 1, 1, 1, 100, 27, 1, '10201101101001', 84, 2011, 0, 1),
(1157, 1, 1, 1, 100, 27, 2, '10201101101002', 84, 2011, 0, 1),
(1158, 1, 1, 1, 100, 27, 3, '10201101101003', 84, 2011, 0, 1),
(1159, 1, 1, 1, 100, 27, 4, '10201101101004', 84, 2011, 0, 1),
(1160, 1, 1, 1, 100, 27, 5, '10201101101005', 84, 2011, 0, 1),
(1161, 1, 1, 1, 100, 27, 6, '10201101101006', 84, 2011, 0, 1),
(1162, 1, 1, 1, 100, 27, 7, '10201101101007', 84, 2011, 0, 1),
(1163, 1, 1, 1, 101, 27, 1, '10201101102001', 85, 2011, 0, 1),
(1164, 1, 1, 1, 101, 27, 2, '10201101102002', 85, 2011, 0, 1),
(1165, 1, 1, 1, 77, 14, 6, '10201100406006', 68, 2011, 0, 1),
(1166, 1, 1, 1, 77, 14, 7, '10201100406007', 68, 2011, 0, 1),
(1167, 1, 1, 1, 77, 14, 8, '10201100406008', 68, 2011, 0, 1),
(1168, 1, 1, 1, 77, 14, 9, '10201100406009', 68, 2011, 0, 1),
(1169, 1, 1, 1, 75, 14, 10, '1.0201100404001E+14', 3, 2011, 0, 1),
(1170, 1, 1, 1, 73, 22, 4, '10201200604004', 62, 2012, 0, 1),
(1171, 1, 3, 1, 65, 22, 14, '10201300603014', 58, 2013, 0, 1),
(1172, 1, 1, 1, 102, 11, 1, '10201600117001', 2, 2016, 0, 1),
(1173, 1, 1, 1, 102, 11, 2, '10201600117002', 2, 2016, 0, 1),
(1174, 1, 1, 1, 102, 11, 3, '10201600117003', 2, 2016, 0, 1),
(1175, 1, 1, 1, 102, 11, 4, '10201600117004', 2, 2016, 0, 1),
(1176, 1, 1, 1, 102, 11, 5, '10201600117005', 2, 2016, 0, 1),
(1177, 1, 1, 1, 102, 11, 6, '10201600117006', 2, 2016, 0, 1),
(1178, 1, 1, 1, 65, 22, 15, '10201300603015', 58, 2013, 0, 1),
(1179, 1, 1, 3, 87, 11, 12, '12201500109012', 2, 2015, 0, 1),
(1180, 1, 1, 3, 39, 18, 12, '12201600502012', 2, 2016, 0, 1),
(1181, 1, 1, 3, 41, 18, 12, '12201600503012', 2, 2016, 0, 1),
(1182, 1, 1, 3, 52, 19, 9, '12201601210009', 2, 2016, 0, 1),
(1183, 1, 1, 3, 34, 14, 11, '12201600409011', 30, 2016, 0, 1),
(1184, 1, 1, 3, 35, 14, 6, '12201600410006', 31, 2016, 0, 1),
(1185, 1, 1, 3, 36, 14, 11, '12201600411011', 32, 2016, 0, 1),
(1186, 1, 1, 3, 91, 16, 33, '12201600312033', 3, 2016, 0, 1),
(1187, 1, 1, 3, 91, 16, 34, '12201600312034', 3, 2016, 0, 1),
(1188, 1, 1, 3, 91, 16, 35, '12201600312035', 3, 2016, 0, 1),
(1189, 1, 1, 3, 97, 23, 11, '12201601003011', 2, 2016, 0, 1),
(1190, 1, 1, 2, 103, 19, 1, '11000001207001', 86, 0, 0, 1),
(1191, 1, 5, 2, 104, 19, 1, '11000001209001', 87, 0, 0, 1),
(1192, 1, 1, 2, 19, 12, 1, '11000001302001', 88, 0, 0, 1),
(1193, 1, 4, 1, 69, 22, 11, '10201600608011', 2, 2016, 0, 1),
(1194, 1, 3, 2, 95, 26, 4, '11201601401004', 2, 2016, 0, 1),
(1195, 1, 3, 2, 95, 26, 5, '11201601401005', 2, 2016, 0, 1),
(1196, 1, 3, 2, 95, 26, 6, '11201601401006', 2, 2016, 0, 1),
(1197, 1, 3, 2, 95, 26, 7, '11201601401007', 2, 2016, 0, 1),
(1198, 1, 3, 2, 105, 14, 36, '11201700408036', 2, 2017, 0, 1),
(1199, 1, 3, 2, 105, 14, 37, '11201700408037', 2, 2017, 0, 1),
(1200, 1, 3, 2, 105, 14, 38, '11201700408038', 2, 2017, 0, 1),
(1201, 1, 3, 2, 105, 14, 39, '11201700408039', 2, 2017, 0, 1),
(1202, 1, 3, 2, 106, 22, 36, '11201700608036', 2, 2017, 0, 1),
(1203, 1, 3, 2, 106, 22, 37, '11201700608037', 2, 2017, 0, 1),
(1204, 1, 3, 2, 106, 22, 38, '11201700608038', 2, 2017, 0, 1),
(1205, 1, 3, 2, 106, 22, 39, '11201700608039', 2, 2017, 0, 1),
(1206, 1, 3, 2, 107, 23, 62, '11201701002062', 80, 2017, 0, 1),
(1207, 1, 3, 2, 107, 23, 63, '11201701002063', 80, 2017, 0, 1),
(1208, 1, 3, 2, 107, 23, 64, '11201701002064', 80, 2017, 0, 1),
(1209, 1, 3, 2, 107, 23, 65, '11201701002065', 80, 2017, 0, 1),
(1210, 2, 1, 1, 5, 11, 26, '10201300103026', 4, 2013, 0, 1),
(1211, 2, 1, 1, 5, 11, 27, '10201300103027', 4, 2013, 0, 1),
(1212, 2, 1, 1, 5, 11, 28, '10201300103028', 4, 2013, 0, 1),
(1213, 2, 1, 1, 5, 11, 29, '10201300103029', 4, 2013, 0, 1),
(1214, 2, 1, 1, 5, 11, 30, '10201300103030', 4, 2013, 0, 1),
(1215, 2, 1, 1, 5, 11, 31, '10201300103031', 4, 2013, 0, 1),
(1216, 2, 1, 1, 5, 11, 32, '10201300103032', 4, 2013, 0, 1),
(1217, 2, 1, 1, 5, 11, 33, '10201300103033', 4, 2013, 0, 1),
(1218, 2, 1, 1, 5, 11, 34, '10201300103034', 4, 2013, 0, 1),
(1219, 2, 1, 1, 5, 11, 35, '10201300103035', 4, 2013, 0, 1),
(1220, 2, 1, 1, 5, 11, 36, '10201300103036', 4, 2013, 0, 1),
(1221, 2, 1, 1, 5, 11, 37, '10201300103037', 4, 2013, 0, 1),
(1222, 2, 1, 1, 5, 11, 38, '10201300103038', 4, 2013, 0, 1),
(1223, 2, 1, 1, 5, 11, 39, '10201300103039', 4, 2013, 0, 1),
(1224, 2, 1, 1, 10, 11, 6, '10201600116006', 89, 2016, 0, 1),
(1225, 2, 1, 1, 10, 11, 7, '10201600116007', 90, 2016, 0, 1),
(1226, 2, 1, 1, 22, 13, 36, '10000000201036', 20, 0, 0, 1),
(1227, 2, 1, 1, 22, 13, 37, '10000000201037', 20, 0, 0, 1),
(1228, 2, 1, 1, 22, 13, 38, '10000000201038', 20, 0, 0, 1),
(1229, 2, 1, 1, 22, 13, 39, '10000000201039', 20, 0, 0, 1),
(1230, 2, 1, 1, 22, 13, 40, '10000000201040', 20, 0, 0, 1),
(1231, 2, 1, 1, 22, 13, 41, '10000000201041', 20, 0, 0, 1),
(1232, 2, 1, 1, 22, 13, 42, '10000000201042', 20, 0, 0, 1),
(1233, 2, 1, 1, 22, 13, 43, '10000000201043', 20, 0, 0, 1),
(1234, 2, 1, 1, 22, 13, 44, '10000000201044', 20, 0, 0, 1),
(1235, 2, 1, 1, 22, 13, 45, '10000000201045', 20, 0, 0, 1),
(1236, 2, 1, 1, 22, 13, 46, '10000000201046', 20, 0, 0, 1),
(1237, 2, 1, 1, 22, 13, 47, '10000000201047', 20, 0, 0, 1),
(1238, 2, 1, 1, 22, 13, 48, '10000000201048', 20, 0, 0, 1),
(1239, 2, 1, 1, 22, 13, 49, '10000000201049', 20, 0, 0, 1),
(1240, 2, 1, 1, 22, 13, 50, '10000000201050', 20, 0, 0, 1),
(1241, 2, 1, 1, 22, 13, 51, '10000000201051', 20, 0, 0, 1),
(1242, 2, 1, 1, 108, 13, 4, '10201600206004', 91, 2016, 0, 1),
(1243, 2, 1, 1, 108, 13, 5, '10201600206005', 91, 2016, 0, 1),
(1244, 2, 1, 1, 109, 13, 1, '10201700207001', 92, 2017, 0, 1),
(1245, 2, 1, 1, 1, 2, 11, '10201501501011', 1, 2015, 0, 1),
(1246, 2, 1, 1, 1, 2, 12, '10201501501012', 1, 2015, 0, 1),
(1247, 2, 1, 1, 1, 2, 13, '10201501501013', 1, 2015, 0, 1),
(1248, 2, 1, 1, 1, 2, 14, '10201501501014', 1, 2015, 0, 1),
(1249, 2, 1, 1, 1, 2, 15, '10201501501015', 1, 2015, 0, 1),
(1250, 2, 1, 1, 1, 2, 16, '10201501501016', 1, 2015, 0, 1),
(1251, 2, 1, 1, 1, 2, 17, '10201501501017', 1, 2015, 0, 1),
(1252, 2, 1, 1, 1, 2, 18, '10201501501018', 1, 2015, 0, 1),
(1253, 2, 1, 1, 1, 2, 19, '10201501501019', 1, 2015, 0, 1),
(1254, 2, 1, 1, 1, 2, 20, '10201501501020', 1, 2015, 0, 1),
(1255, 2, 1, 1, 1, 2, 21, '10201501501021', 1, 2015, 0, 1),
(1256, 2, 1, 1, 1, 2, 22, '10201501501022', 1, 2015, 0, 1),
(1257, 2, 1, 1, 1, 2, 23, '10201501501023', 1, 2015, 0, 1),
(1258, 2, 1, 1, 1, 2, 24, '10201501501024', 1, 2015, 0, 1),
(1259, 2, 1, 1, 1, 2, 25, '10201501501025', 1, 2015, 0, 1),
(1260, 2, 1, 1, 1, 6, 11, '10201501502011', 1, 2015, 0, 1),
(1261, 2, 1, 1, 1, 6, 12, '10201501502012', 1, 2015, 0, 1),
(1262, 2, 1, 1, 1, 6, 13, '10201501502013', 1, 2015, 0, 1),
(1263, 2, 1, 1, 1, 6, 14, '10201501502014', 1, 2015, 0, 1),
(1264, 2, 1, 1, 1, 6, 15, '10201501502015', 1, 2015, 0, 1),
(1265, 2, 1, 1, 1, 6, 16, '10201501502016', 1, 2015, 0, 1),
(1266, 2, 1, 1, 1, 6, 17, '10201501502017', 1, 2015, 0, 1),
(1267, 2, 1, 1, 1, 6, 18, '10201501502018', 1, 2015, 0, 1),
(1268, 2, 1, 1, 1, 6, 19, '10201501502019', 1, 2015, 0, 1),
(1269, 2, 1, 1, 1, 6, 20, '10201501502020', 1, 2015, 0, 1),
(1270, 2, 1, 1, 1, 6, 21, '10201501502021', 1, 2015, 0, 1),
(1271, 2, 1, 1, 1, 6, 22, '10201501502022', 1, 2015, 0, 1),
(1272, 2, 1, 1, 1, 6, 23, '10201501502023', 1, 2015, 0, 1),
(1273, 2, 1, 1, 1, 6, 24, '10201501502024', 1, 2015, 0, 1),
(1274, 2, 1, 1, 1, 6, 25, '10201501502025', 1, 2015, 0, 1),
(1275, 2, 1, 1, 1, 7, 11, '10201501503011', 1, 2015, 0, 1),
(1276, 2, 1, 1, 1, 7, 12, '10201501503012', 1, 2015, 0, 1),
(1277, 2, 1, 1, 1, 7, 13, '10201501503013', 1, 2015, 0, 1),
(1278, 2, 1, 1, 1, 7, 14, '10201501503014', 1, 2015, 0, 1),
(1279, 2, 1, 1, 1, 7, 15, '10201501503015', 1, 2015, 0, 1),
(1280, 2, 1, 1, 1, 7, 16, '10201501503016', 1, 2015, 0, 1),
(1281, 2, 1, 1, 1, 7, 17, '10201501503017', 1, 2015, 0, 1),
(1282, 2, 1, 1, 1, 7, 18, '10201501503018', 1, 2015, 0, 1),
(1283, 2, 1, 1, 1, 7, 19, '10201501503019', 1, 2015, 0, 1),
(1284, 2, 1, 1, 1, 7, 20, '10201501503020', 1, 2015, 0, 1),
(1285, 2, 1, 1, 1, 7, 21, '10201501503021', 1, 2015, 0, 1),
(1286, 2, 1, 1, 1, 7, 22, '10201501503022', 1, 2015, 0, 1),
(1287, 2, 1, 1, 1, 7, 23, '10201501503023', 1, 2015, 0, 1),
(1288, 2, 1, 1, 1, 7, 24, '10201501503024', 1, 2015, 0, 1),
(1289, 2, 1, 1, 1, 7, 25, '10201501503025', 1, 2015, 0, 1),
(1290, 2, 1, 1, 1, 8, 4, '10201501504004', 1, 2015, 0, 1),
(1291, 2, 1, 1, 1, 8, 5, '10201501504005', 1, 2015, 0, 1),
(1292, 2, 1, 1, 1, 8, 6, '10201501504006', 1, 2015, 0, 1),
(1293, 2, 1, 1, 1, 8, 7, '10201501504007', 1, 2015, 0, 1),
(1294, 2, 1, 1, 1, 8, 8, '10201501504008', 1, 2015, 0, 1),
(1295, 2, 1, 1, 1, 8, 9, '10201501504009', 1, 2015, 0, 1),
(1296, 2, 1, 1, 1, 8, 10, '10201501504010', 1, 2015, 0, 1),
(1297, 2, 1, 1, 1, 8, 11, '10201501504011', 1, 2015, 0, 1),
(1298, 2, 1, 1, 1, 8, 12, '10201501504012', 1, 2015, 0, 1),
(1299, 2, 1, 1, 1, 8, 13, '10201501504013', 1, 2015, 0, 1),
(1300, 2, 1, 1, 1, 8, 14, '10201501504014', 1, 2015, 0, 1),
(1301, 2, 1, 1, 1, 8, 15, '10201501504015', 1, 2015, 0, 1),
(1302, 2, 1, 1, 1, 8, 16, '10201501504016', 1, 2015, 0, 1),
(1303, 2, 1, 1, 1, 8, 17, '10201501504017', 1, 2015, 0, 1),
(1304, 2, 1, 1, 1, 8, 18, '10201501504018', 1, 2015, 0, 1),
(1305, 2, 1, 1, 1, 28, 4, '10201501505004', 1, 2015, 0, 1),
(1306, 2, 1, 1, 1, 28, 5, '10201501505005', 1, 2015, 0, 1),
(1307, 2, 1, 1, 1, 28, 6, '10201501505006', 1, 2015, 0, 1),
(1308, 2, 1, 1, 1, 28, 7, '10201501505007', 1, 2015, 0, 1),
(1309, 2, 1, 1, 1, 28, 8, '10201501505008', 1, 2015, 0, 1),
(1310, 2, 1, 1, 1, 28, 9, '10201501505009', 1, 2015, 0, 1),
(1311, 2, 1, 1, 1, 28, 10, '10201501505010', 1, 2015, 0, 1),
(1312, 2, 1, 1, 1, 28, 11, '10201501505011', 1, 2015, 0, 1),
(1313, 2, 1, 1, 1, 28, 12, '10201501505012', 1, 2015, 0, 1),
(1314, 2, 1, 1, 1, 28, 13, '10201501505013', 1, 2015, 0, 1),
(1315, 2, 1, 1, 1, 28, 14, '10201501505014', 1, 2015, 0, 1),
(1316, 2, 1, 1, 1, 28, 15, '10201501505015', 1, 2015, 0, 1),
(1317, 2, 1, 1, 1, 28, 16, '10201501505016', 1, 2015, 0, 1),
(1318, 2, 1, 1, 1, 28, 17, '10201501505017', 1, 2015, 0, 1),
(1319, 2, 1, 1, 1, 28, 18, '10201501505018', 1, 2015, 0, 1),
(1320, 2, 1, 1, 1, 29, 4, '10201501506004', 1, 2015, 0, 1),
(1321, 2, 1, 1, 1, 30, 5, '10201501506005', 1, 2015, 0, 1),
(1322, 2, 1, 1, 1, 31, 6, '10201501506006', 1, 2015, 0, 1),
(1323, 2, 1, 1, 1, 32, 7, '10201501506007', 1, 2015, 0, 1),
(1324, 2, 1, 1, 1, 33, 8, '10201501506008', 1, 2015, 0, 1),
(1325, 2, 1, 1, 1, 34, 9, '10201501506009', 1, 2015, 0, 1),
(1326, 2, 1, 1, 1, 35, 10, '10201501506010', 1, 2015, 0, 1),
(1327, 2, 1, 1, 1, 36, 11, '10201501506011', 1, 2015, 0, 1),
(1328, 2, 1, 1, 1, 37, 12, '10201501506012', 1, 2015, 0, 1),
(1329, 2, 1, 1, 1, 38, 13, '10201501506013', 1, 2015, 0, 1),
(1330, 2, 1, 1, 1, 39, 14, '10201501506014', 1, 2015, 0, 1),
(1331, 2, 1, 1, 1, 40, 15, '10201501506015', 1, 2015, 0, 1),
(1332, 2, 1, 1, 1, 41, 16, '10201501506016', 1, 2015, 0, 1),
(1333, 2, 1, 1, 1, 42, 17, '10201501506017', 1, 2015, 0, 1),
(1334, 2, 1, 1, 1, 43, 18, '10201501506018', 1, 2015, 0, 1),
(1335, 2, 1, 1, 1, 9, 11, '10201501507011', 1, 2015, 0, 1),
(1336, 2, 1, 1, 1, 9, 12, '10201501507012', 1, 2015, 0, 1),
(1337, 2, 1, 1, 1, 9, 13, '10201501507013', 1, 2015, 0, 1),
(1338, 2, 1, 1, 1, 9, 14, '10201501507014', 1, 2015, 0, 1),
(1339, 2, 1, 1, 1, 9, 15, '10201501507015', 1, 2015, 0, 1),
(1340, 2, 1, 1, 1, 9, 16, '10201501507016', 1, 2015, 0, 1),
(1341, 2, 1, 1, 1, 9, 17, '10201501507017', 1, 2015, 0, 1),
(1342, 2, 1, 1, 1, 9, 18, '10201501507018', 1, 2015, 0, 1),
(1343, 2, 1, 1, 1, 9, 19, '10201501507019', 1, 2015, 0, 1),
(1344, 2, 1, 1, 1, 9, 20, '10201501507020', 1, 2015, 0, 1),
(1345, 2, 1, 1, 1, 10, 11, '10201501508011', 1, 2015, 0, 1),
(1346, 2, 1, 1, 1, 10, 12, '10201501508012', 1, 2015, 0, 1),
(1347, 2, 1, 1, 1, 10, 13, '10201501508013', 1, 2015, 0, 1),
(1348, 2, 1, 1, 1, 10, 14, '10201501508014', 1, 2015, 0, 1),
(1349, 2, 1, 1, 1, 10, 15, '10201501508015', 1, 2015, 0, 1),
(1350, 2, 1, 1, 1, 10, 16, '10201501508016', 1, 2015, 0, 1),
(1351, 2, 1, 1, 1, 10, 17, '10201501508017', 1, 2015, 0, 1),
(1352, 2, 1, 1, 1, 10, 18, '10201501508018', 1, 2015, 0, 1),
(1353, 2, 1, 1, 1, 10, 19, '10201501508019', 1, 2015, 0, 1),
(1354, 2, 1, 1, 1, 10, 20, '10201501508020', 1, 2015, 0, 1),
(1355, 2, 1, 1, 110, 44, 1, '10201701509001', 2, 2017, 0, 1),
(1356, 2, 1, 1, 110, 45, 1, '10201701510001', 2, 2017, 0, 1),
(1357, 2, 1, 1, 110, 46, 1, '10201701511001', 2, 2017, 0, 1),
(1358, 1, 1, 1, 110, 47, 2, '10201701511002', 2, 2017, 0, 1),
(1359, 1, 1, 1, 110, 48, 3, '10201701511003', 2, 2017, 0, 1),
(1360, 1, 1, 1, 110, 49, 4, '10201701511004', 2, 2017, 0, 1),
(1361, 1, 1, 1, 110, 50, 5, '10201701511005', 2, 2017, 0, 1),
(1362, 1, 1, 1, 110, 51, 6, '10201701511006', 2, 2017, 0, 1),
(1363, 1, 1, 1, 110, 45, 2, '10201701510002', 2, 2017, 0, 1),
(1364, 1, 1, 1, 110, 45, 3, '10201701510003', 2, 2017, 0, 1),
(1365, 1, 1, 1, 110, 45, 4, '10201701510004', 2, 2017, 0, 1),
(1366, 1, 1, 1, 110, 45, 5, '10201701510005', 2, 2017, 0, 1),
(1367, 1, 1, 1, 110, 45, 6, '10201701510006', 2, 2017, 0, 1),
(1368, 1, 1, 1, 110, 44, 2, '10201701509002', 2, 2017, 0, 1),
(1369, 1, 1, 1, 110, 44, 3, '10201701509003', 2, 2017, 0, 1),
(1370, 1, 1, 1, 110, 44, 4, '10201701509004', 2, 2017, 0, 1),
(1371, 1, 1, 1, 110, 44, 5, '10201701509005', 2, 2017, 0, 1),
(1372, 1, 1, 1, 110, 44, 6, '10201701509006', 2, 2017, 0, 1),
(1373, 1, 4, 1, 111, 52, 1, '10201801512001', 2, 2018, 0, 1),
(1374, 1, 4, 1, 111, 53, 1, '10201801513001', 2, 2018, 0, 1),
(1375, 1, 4, 1, 111, 54, 1, '10201801514001', 2, 2018, 0, 1),
(1376, 1, 4, 1, 111, 55, 1, '10201801515001', 2, 2018, 0, 1),
(1377, 1, 4, 1, 111, 56, 1, '10201801516001', 2, 2018, 0, 1),
(1378, 1, 4, 1, 111, 52, 2, '10201801512002', 2, 2018, 0, 1),
(1379, 1, 4, 1, 111, 53, 2, '10201801513002', 2, 2018, 0, 1),
(1380, 1, 4, 1, 111, 54, 2, '10201801514002', 2, 2018, 0, 1),
(1381, 1, 4, 1, 111, 55, 2, '10201801515002', 2, 2018, 0, 1),
(1382, 1, 4, 1, 111, 56, 2, '10201801516002', 2, 2018, 0, 1),
(1383, 1, 4, 1, 111, 52, 3, '10201801512003', 2, 2018, 0, 1),
(1384, 1, 4, 1, 111, 53, 3, '10201801513003', 2, 2018, 0, 1),
(1385, 1, 4, 1, 111, 54, 3, '10201801514003', 2, 2018, 0, 1),
(1386, 1, 4, 1, 111, 55, 3, '10201801515003', 2, 2018, 0, 1),
(1387, 1, 4, 1, 111, 56, 3, '10201801516003', 2, 2018, 0, 1),
(1388, 1, 2, 1, 111, 52, 4, '10201801512004', 2, 2018, 0, 1),
(1389, 1, 2, 1, 111, 53, 4, '10201801513004', 2, 2018, 0, 1),
(1390, 1, 2, 1, 111, 54, 4, '10201801514004', 2, 2018, 0, 1),
(1391, 1, 2, 1, 111, 55, 4, '10201801515004', 2, 2018, 0, 1),
(1392, 1, 2, 1, 111, 56, 4, '10201801516004', 2, 2018, 0, 1),
(1393, 1, 2, 1, 111, 52, 5, '10201801512005', 2, 2018, 0, 1),
(1394, 1, 2, 1, 111, 53, 5, '10201801513005', 2, 2018, 0, 1),
(1395, 1, 2, 1, 111, 54, 5, '10201801514005', 2, 2018, 0, 1),
(1396, 1, 2, 1, 111, 55, 5, '10201801515005', 2, 2018, 0, 1),
(1397, 1, 2, 1, 111, 56, 5, '10201801516005', 2, 2018, 0, 1),
(1398, 1, 2, 1, 111, 52, 6, '10201801512006', 2, 2018, 0, 1),
(1399, 1, 2, 1, 111, 53, 6, '10201801513006', 2, 2018, 0, 1),
(1400, 1, 2, 1, 111, 54, 6, '10201801514006', 2, 2018, 0, 1),
(1401, 1, 2, 1, 111, 55, 6, '10201801515006', 2, 2018, 0, 1),
(1402, 1, 2, 1, 111, 56, 6, '10201801516006', 2, 2018, 0, 1),
(1403, 1, 3, 1, 111, 52, 7, '10201801512007', 2, 2018, 0, 1),
(1404, 1, 3, 1, 111, 53, 7, '10201801513007', 2, 2018, 0, 1),
(1405, 1, 3, 1, 111, 54, 7, '10201801514007', 2, 2018, 0, 1),
(1406, 1, 3, 1, 111, 55, 7, '10201801515007', 2, 2018, 0, 1),
(1407, 1, 3, 1, 111, 56, 7, '10201801516007', 2, 2018, 0, 1),
(1408, 1, 3, 1, 111, 52, 8, '10201801512008', 2, 2018, 0, 1),
(1409, 1, 3, 1, 111, 53, 8, '10201801513008', 2, 2018, 0, 1),
(1410, 1, 3, 1, 111, 54, 8, '10201801514008', 2, 2018, 0, 1),
(1411, 1, 3, 1, 111, 55, 8, '10201801515008', 2, 2018, 0, 1),
(1412, 1, 3, 1, 111, 56, 8, '10201801516008', 2, 2018, 0, 1),
(1413, 1, 3, 1, 111, 52, 9, '10201801512009', 2, 2018, 0, 1),
(1414, 1, 3, 1, 111, 53, 9, '10201801513009', 2, 2018, 0, 1),
(1415, 1, 3, 1, 111, 54, 9, '10201801514009', 2, 2018, 0, 1),
(1416, 1, 3, 1, 111, 55, 9, '10201801515009', 2, 2018, 0, 1),
(1417, 1, 3, 1, 111, 56, 9, '10201801516009', 2, 2018, 0, 1),
(1418, 1, 5, 1, 111, 52, 10, '10201801512010', 2, 2018, 0, 1),
(1419, 1, 5, 1, 111, 53, 10, '10201801513010', 2, 2018, 0, 1),
(1420, 1, 5, 1, 111, 54, 10, '10201801514010', 2, 2018, 0, 1),
(1421, 1, 5, 1, 111, 55, 10, '10201801515010', 2, 2018, 0, 1),
(1422, 1, 5, 1, 111, 56, 10, '10201801516010', 2, 2018, 0, 1),
(1423, 2, 1, 1, 112, 18, 65, '10201100501065', 38, 2011, 0, 1),
(1424, 2, 1, 1, 112, 18, 66, '10201100501066', 38, 2011, 0, 1),
(1425, 2, 1, 1, 112, 18, 67, '10201100501067', 38, 2011, 0, 1),
(1426, 2, 1, 1, 112, 18, 68, '10201100501068', 38, 2011, 0, 1),
(1427, 2, 1, 1, 112, 18, 69, '10201100501069', 38, 2011, 0, 1),
(1428, 2, 1, 1, 112, 18, 70, '10201100501070', 38, 2011, 0, 1),
(1429, 2, 1, 1, 112, 18, 71, '10201100501071', 38, 2011, 0, 1),
(1430, 2, 1, 1, 112, 18, 72, '10201100501072', 38, 2011, 0, 1),
(1431, 2, 1, 1, 112, 18, 73, '10201100501073', 38, 2011, 0, 1),
(1432, 2, 1, 1, 112, 18, 74, '10201100501074', 38, 2011, 0, 1),
(1433, 2, 1, 1, 112, 18, 75, '10201100501075', 38, 2011, 0, 1),
(1434, 2, 1, 1, 112, 18, 76, '10201100501076', 38, 2011, 0, 1),
(1435, 2, 1, 1, 112, 18, 77, '10201100501077', 38, 2011, 0, 1),
(1436, 2, 1, 1, 112, 18, 78, '10201100501078', 38, 2011, 0, 1),
(1437, 2, 1, 1, 112, 18, 79, '10201100501079', 38, 2011, 0, 1),
(1438, 2, 1, 1, 112, 18, 80, '10201100501080', 38, 2011, 0, 1),
(1439, 2, 1, 1, 47, 18, 81, '10201600502081', 39, 2016, 0, 1),
(1440, 2, 1, 1, 47, 18, 82, '10201600502082', 39, 2016, 0, 1),
(1441, 2, 1, 1, 47, 18, 83, '10201600502083', 39, 2016, 0, 1),
(1442, 2, 1, 1, 47, 18, 84, '10201600502084', 39, 2016, 0, 1),
(1443, 2, 1, 1, 47, 18, 85, '10201600502085', 39, 2016, 0, 1),
(1444, 2, 1, 1, 47, 18, 86, '10201600502086', 39, 2016, 0, 1),
(1445, 2, 1, 1, 47, 18, 87, '10201600502087', 39, 2016, 0, 1),
(1446, 2, 1, 1, 47, 18, 88, '10201600502088', 39, 2016, 0, 1),
(1447, 2, 1, 1, 47, 18, 89, '10201600502089', 39, 2016, 0, 1),
(1448, 2, 1, 1, 47, 18, 90, '10201600502090', 39, 2016, 0, 1),
(1449, 2, 1, 1, 113, 18, 91, '10201600502091', 39, 2016, 0, 1),
(1450, 2, 1, 1, 113, 18, 92, '10201600502092', 39, 2016, 0, 1),
(1451, 2, 1, 1, 114, 20, 1, '10201601404001', 2, 2016, 0, 1),
(1452, 2, 1, 1, 28, 16, 160, '10201300301160', 22, 2013, 0, 1),
(1453, 2, 1, 1, 28, 16, 161, '10201300301161', 22, 2013, 0, 1),
(1454, 2, 1, 1, 28, 16, 162, '10201300301162', 22, 2013, 0, 1),
(1455, 2, 1, 1, 28, 16, 163, '10201300301163', 22, 2013, 0, 1),
(1456, 2, 1, 1, 28, 16, 164, '10201300301164', 22, 2013, 0, 1),
(1457, 2, 1, 1, 28, 16, 165, '10201300301165', 22, 2013, 0, 1),
(1458, 2, 1, 1, 28, 16, 166, '10201300301166', 22, 2013, 0, 1),
(1459, 2, 1, 1, 28, 16, 167, '10201300301167', 22, 2013, 0, 1),
(1460, 2, 1, 1, 28, 16, 168, '10201300301168', 22, 2013, 0, 1),
(1461, 2, 1, 1, 28, 16, 169, '10201300301169', 22, 2013, 0, 1),
(1462, 2, 1, 1, 28, 16, 170, '10201300301170', 22, 2013, 0, 1),
(1463, 2, 1, 1, 28, 16, 171, '10201300301171', 22, 2013, 0, 1),
(1464, 2, 1, 1, 28, 16, 172, '10201300301172', 22, 2013, 0, 1),
(1465, 2, 1, 1, 28, 16, 173, '10201300301173', 22, 2013, 0, 1),
(1466, 2, 1, 1, 28, 16, 174, '10201300301174', 22, 2013, 0, 1),
(1467, 2, 1, 1, 28, 16, 175, '10201300301175', 22, 2013, 0, 1),
(1468, 2, 1, 1, 28, 16, 176, '10201300301176', 22, 2013, 0, 1),
(1469, 2, 1, 1, 28, 16, 177, '10201300301177', 22, 2013, 0, 1),
(1470, 2, 1, 1, 28, 16, 178, '10201300301178', 22, 2013, 0, 1),
(1471, 2, 1, 1, 28, 16, 179, '10201300301179', 22, 2013, 0, 1),
(1472, 2, 1, 1, 28, 16, 180, '10201300301180', 22, 2013, 0, 1),
(1473, 2, 1, 1, 28, 16, 181, '10201300301181', 22, 2013, 0, 1),
(1474, 2, 1, 1, 28, 16, 182, '10201300301182', 22, 2013, 0, 1),
(1475, 2, 1, 1, 28, 16, 183, '10201300301183', 22, 2013, 0, 1),
(1476, 2, 1, 1, 28, 16, 184, '10201300301184', 22, 2013, 0, 1),
(1477, 2, 1, 1, 28, 16, 185, '10201300301185', 22, 2013, 0, 1),
(1478, 2, 1, 1, 28, 16, 186, '10201300301186', 22, 2013, 0, 1),
(1479, 2, 1, 1, 28, 16, 187, '10201300301187', 22, 2013, 0, 1),
(1480, 2, 1, 1, 28, 16, 188, '10201300301188', 22, 2013, 0, 1),
(1481, 2, 1, 1, 28, 16, 189, '10201300301189', 22, 2013, 0, 1),
(1482, 2, 1, 1, 28, 16, 190, '10201300301190', 22, 2013, 0, 1),
(1483, 2, 1, 1, 28, 16, 191, '10201300301191', 22, 2013, 0, 1),
(1484, 2, 1, 1, 28, 16, 192, '10201300301192', 22, 2013, 0, 1),
(1485, 2, 1, 1, 28, 16, 193, '10201300301193', 22, 2013, 0, 1),
(1486, 2, 1, 1, 28, 16, 194, '10201300301194', 22, 2013, 0, 1),
(1487, 2, 1, 1, 28, 16, 195, '10201300301195', 22, 2013, 0, 1),
(1488, 2, 1, 1, 28, 16, 196, '10201300301196', 22, 2013, 0, 1),
(1489, 2, 1, 1, 28, 16, 197, '10201300301197', 22, 2013, 0, 1),
(1490, 2, 1, 1, 28, 16, 198, '10201300301198', 22, 2013, 0, 1),
(1491, 2, 1, 1, 28, 16, 199, '10201300301199', 22, 2013, 0, 1),
(1492, 2, 1, 1, 28, 16, 200, '10201300301200', 22, 2013, 0, 1),
(1493, 2, 1, 1, 28, 16, 201, '10201300301201', 22, 2013, 0, 1),
(1494, 2, 1, 1, 28, 16, 202, '10201300301202', 22, 2013, 0, 1),
(1495, 2, 1, 1, 28, 16, 203, '10201300301203', 22, 2013, 0, 1),
(1496, 2, 1, 1, 28, 16, 204, '10201300301204', 22, 2013, 0, 1),
(1497, 2, 1, 1, 28, 16, 205, '10201300301205', 22, 2013, 0, 1),
(1498, 2, 1, 1, 28, 16, 206, '10201300301206', 22, 2013, 0, 1),
(1499, 2, 1, 1, 28, 16, 207, '10201300301207', 22, 2013, 0, 1),
(1500, 2, 1, 1, 28, 16, 208, '10201300301208', 22, 2013, 0, 1),
(1501, 2, 1, 1, 28, 16, 209, '10201300301209', 22, 2013, 0, 1),
(1502, 2, 1, 1, 28, 16, 210, '10201300301210', 22, 2013, 0, 1),
(1503, 2, 1, 1, 28, 16, 211, '10201300301211', 22, 2013, 0, 1),
(1504, 2, 1, 1, 28, 16, 212, '10201300301212', 22, 2013, 0, 1),
(1505, 2, 1, 1, 28, 16, 213, '10201300301213', 22, 2013, 0, 1),
(1506, 2, 1, 1, 28, 16, 214, '10201300301214', 22, 2013, 0, 1),
(1507, 2, 1, 1, 28, 16, 215, '10201300301215', 22, 2013, 0, 1),
(1508, 2, 1, 1, 28, 16, 216, '10201300301216', 22, 2013, 0, 1),
(1509, 2, 1, 1, 28, 16, 217, '10201300301217', 22, 2013, 0, 1),
(1510, 2, 1, 1, 28, 16, 218, '10201300301218', 22, 2013, 0, 1),
(1511, 2, 1, 1, 28, 16, 219, '10201300301219', 22, 2013, 0, 1),
(1512, 2, 1, 1, 28, 16, 220, '10201300301220', 22, 2013, 0, 1),
(1513, 2, 1, 1, 28, 16, 221, '10201300301221', 22, 2013, 0, 1),
(1514, 2, 1, 1, 28, 16, 222, '10201300301222', 22, 2013, 0, 1),
(1515, 2, 1, 1, 28, 16, 223, '10201300301223', 22, 2013, 0, 1),
(1516, 2, 1, 1, 28, 16, 224, '10201300301224', 22, 2013, 0, 1),
(1517, 2, 1, 1, 28, 16, 225, '10201300301225', 22, 2013, 0, 1),
(1518, 2, 1, 1, 28, 16, 226, '10201300301226', 22, 2013, 0, 1),
(1519, 2, 1, 1, 28, 16, 227, '10201300301227', 22, 2013, 0, 1),
(1520, 2, 1, 1, 28, 16, 228, '10201300301228', 22, 2013, 0, 1),
(1521, 2, 1, 1, 28, 16, 229, '10201300301229', 22, 2013, 0, 1),
(1522, 2, 1, 1, 28, 16, 230, '10201300301230', 22, 2013, 0, 1),
(1523, 2, 1, 1, 28, 16, 231, '10201300301231', 22, 2013, 0, 1),
(1524, 2, 1, 1, 28, 16, 232, '10201300301232', 22, 2013, 0, 1),
(1525, 2, 1, 1, 28, 16, 233, '10201300301233', 22, 2013, 0, 1),
(1526, 2, 1, 1, 28, 16, 234, '10201300301234', 22, 2013, 0, 1),
(1527, 2, 1, 1, 28, 16, 235, '10201300301235', 22, 2013, 0, 1),
(1528, 2, 1, 1, 28, 16, 236, '10201300301236', 22, 2013, 0, 1),
(1529, 2, 1, 1, 28, 16, 237, '10201300301237', 22, 2013, 0, 1),
(1530, 2, 1, 1, 28, 16, 238, '10201300301238', 22, 2013, 0, 1),
(1531, 2, 1, 1, 28, 16, 239, '10201300301239', 22, 2013, 0, 1),
(1532, 2, 1, 1, 28, 16, 240, '10201300301240', 22, 2013, 0, 1),
(1533, 2, 1, 1, 28, 16, 241, '10201300301241', 22, 2013, 0, 1),
(1534, 2, 1, 1, 28, 16, 242, '10201300301242', 22, 2013, 0, 1),
(1535, 2, 1, 1, 28, 16, 243, '10201300301243', 22, 2013, 0, 1),
(1536, 2, 1, 1, 28, 16, 244, '10201300301244', 22, 2013, 0, 1),
(1537, 2, 1, 1, 28, 16, 245, '10201300301245', 22, 2013, 0, 1),
(1538, 2, 1, 1, 28, 16, 246, '10201300301246', 22, 2013, 0, 1),
(1539, 2, 1, 1, 28, 16, 247, '10201300301247', 22, 2013, 0, 1),
(1540, 2, 1, 1, 28, 16, 248, '10201300301248', 22, 2013, 0, 1),
(1541, 2, 1, 1, 28, 16, 249, '10201300301249', 22, 2013, 0, 1),
(1542, 2, 1, 1, 28, 16, 250, '10201300301250', 22, 2013, 0, 1),
(1543, 2, 1, 1, 28, 16, 251, '10201300301251', 22, 2013, 0, 1),
(1544, 2, 1, 1, 28, 16, 252, '10201300301252', 22, 2013, 0, 1),
(1545, 2, 1, 1, 28, 16, 253, '10201300301253', 22, 2013, 0, 1),
(1546, 2, 1, 1, 28, 16, 254, '10201300301254', 22, 2013, 0, 1),
(1547, 2, 1, 1, 28, 16, 255, '10201300301255', 22, 2013, 0, 1),
(1548, 2, 1, 1, 28, 16, 256, '10201300301256', 22, 2013, 0, 1),
(1549, 2, 1, 1, 28, 16, 257, '10201300301257', 22, 2013, 0, 1),
(1550, 2, 1, 1, 28, 16, 258, '10201300301258', 22, 2013, 0, 1),
(1551, 2, 1, 1, 28, 16, 259, '10201300301259', 22, 2013, 0, 1),
(1552, 2, 1, 1, 28, 16, 260, '10201300301260', 22, 2013, 0, 1),
(1553, 2, 1, 1, 28, 16, 261, '10201300301261', 22, 2013, 0, 1),
(1554, 2, 1, 1, 28, 16, 262, '10201300301262', 22, 2013, 0, 1),
(1555, 2, 1, 1, 28, 16, 263, '10201300301263', 22, 2013, 0, 1),
(1556, 2, 1, 1, 28, 16, 264, '10201300301264', 22, 2013, 0, 1),
(1557, 2, 1, 1, 28, 16, 265, '10201300301265', 22, 2013, 0, 1),
(1558, 2, 1, 1, 115, 14, 3, '10201300401003', 93, 2013, 0, 1),
(1559, 2, 1, 1, 115, 14, 4, '10201300401004', 93, 2013, 0, 1),
(1560, 2, 1, 1, 115, 14, 5, '10201300401005', 93, 2013, 0, 1),
(1561, 2, 1, 1, 115, 14, 6, '10201300401006', 93, 2013, 0, 1),
(1562, 2, 1, 1, 115, 14, 7, '10201300401007', 93, 2013, 0, 1),
(1563, 2, 1, 1, 115, 14, 8, '10201300401008', 93, 2013, 0, 1),
(1564, 2, 1, 1, 115, 14, 9, '10201300401009', 93, 2013, 0, 1),
(1565, 2, 1, 1, 115, 14, 10, '10201300401010', 93, 2013, 0, 1),
(1566, 2, 1, 1, 115, 14, 11, '10201300401011', 93, 2013, 0, 1),
(1567, 2, 1, 1, 115, 14, 12, '10201300401012', 93, 2013, 0, 1),
(1568, 2, 1, 1, 115, 14, 13, '10201300401013', 93, 2013, 0, 1),
(1569, 2, 1, 1, 115, 14, 14, '10201300401014', 93, 2013, 0, 1),
(1570, 2, 1, 1, 115, 14, 15, '10201300401015', 93, 2013, 0, 1),
(1571, 2, 1, 1, 115, 14, 16, '10201300401016', 93, 2013, 0, 1),
(1572, 2, 1, 1, 115, 14, 17, '10201300401017', 93, 2013, 0, 1),
(1573, 2, 1, 1, 115, 14, 18, '10201300401018', 93, 2013, 0, 1),
(1574, 2, 1, 1, 79, 14, 31, '10201300402031', 70, 2013, 0, 1),
(1575, 2, 1, 1, 79, 14, 32, '10201300402032', 70, 2013, 0, 1),
(1576, 2, 1, 1, 79, 14, 33, '10201300402033', 70, 2013, 0, 1),
(1577, 2, 1, 1, 79, 14, 34, '10201300402034', 70, 2013, 0, 1),
(1578, 2, 1, 1, 79, 14, 35, '10201300402035', 70, 2013, 0, 1),
(1579, 2, 1, 1, 79, 14, 36, '10201300402036', 70, 2013, 0, 1),
(1580, 2, 1, 1, 79, 14, 37, '10201300402037', 70, 2013, 0, 1),
(1581, 2, 1, 1, 79, 14, 38, '10201300402038', 70, 2013, 0, 1),
(1582, 2, 1, 1, 79, 14, 39, '10201300402039', 70, 2013, 0, 1),
(1583, 2, 1, 1, 79, 14, 40, '10201300402040', 70, 2013, 0, 1),
(1584, 2, 1, 1, 79, 14, 41, '10201300402041', 70, 2013, 0, 1),
(1585, 2, 1, 1, 79, 14, 42, '10201300402042', 70, 2013, 0, 1),
(1586, 2, 1, 1, 79, 14, 43, '10201300402043', 70, 2013, 0, 1),
(1587, 2, 1, 1, 79, 14, 44, '10201300402044', 70, 2013, 0, 1),
(1588, 2, 1, 1, 79, 14, 45, '10201300402045', 70, 2013, 0, 1),
(1589, 2, 1, 1, 79, 14, 46, '10201300402046', 70, 2013, 0, 1),
(1590, 2, 1, 1, 79, 14, 31, '10201300403031', 71, 2013, 0, 1),
(1591, 2, 1, 1, 79, 14, 32, '10201300403032', 71, 2013, 0, 1),
(1592, 2, 1, 1, 79, 14, 33, '10201300403033', 71, 2013, 0, 1),
(1593, 2, 1, 1, 79, 14, 34, '10201300403034', 71, 2013, 0, 1),
(1594, 2, 1, 1, 79, 14, 35, '10201300403035', 71, 2013, 0, 1),
(1595, 2, 1, 1, 79, 14, 36, '10201300403036', 71, 2013, 0, 1),
(1596, 2, 1, 1, 79, 14, 37, '10201300403037', 71, 2013, 0, 1),
(1597, 2, 1, 1, 79, 14, 38, '10201300403038', 71, 2013, 0, 1),
(1598, 2, 1, 1, 79, 14, 39, '10201300403039', 71, 2013, 0, 1),
(1599, 2, 1, 1, 79, 14, 40, '10201300403040', 71, 2013, 0, 1),
(1600, 2, 1, 1, 79, 14, 41, '10201300403041', 71, 2013, 0, 1),
(1601, 2, 1, 1, 79, 14, 42, '10201300403042', 71, 2013, 0, 1),
(1602, 2, 1, 1, 79, 14, 43, '10201300403043', 71, 2013, 0, 1),
(1603, 2, 1, 1, 79, 14, 44, '10201300403044', 71, 2013, 0, 1),
(1604, 2, 1, 1, 79, 14, 45, '10201300403045', 71, 2013, 0, 1),
(1605, 2, 1, 1, 79, 14, 46, '10201300403046', 71, 2013, 0, 1),
(1606, 2, 1, 1, 57, 19, 6, '10201601209006', 94, 2016, 0, 1),
(1607, 2, 1, 1, 57, 19, 7, '10201601209007', 95, 2016, 0, 1),
(1608, 2, 1, 1, 116, 17, 1, '10201600702001', 2, 2016, 0, 1),
(1609, 2, 1, 1, 65, 22, 29, '10201300603029', 58, 2013, 0, 1),
(1610, 2, 1, 1, 65, 22, 30, '10201300603030', 58, 2013, 0, 1),
(1611, 2, 1, 1, 65, 22, 31, '10201300603031', 58, 2013, 0, 1),
(1612, 2, 1, 1, 65, 22, 32, '10201300603032', 58, 2013, 0, 1),
(1613, 2, 1, 1, 65, 22, 33, '10201300603033', 58, 2013, 0, 1),
(1614, 2, 1, 1, 65, 22, 34, '10201300603034', 58, 2013, 0, 1),
(1615, 2, 1, 1, 65, 22, 35, '10201300603035', 58, 2013, 0, 1),
(1616, 2, 1, 1, 65, 22, 36, '10201300603036', 58, 2013, 0, 1),
(1617, 2, 1, 1, 65, 22, 37, '10201300603037', 58, 2013, 0, 1),
(1618, 2, 1, 1, 65, 22, 38, '10201300603038', 58, 2013, 0, 1),
(1619, 2, 1, 1, 65, 22, 39, '10201300603039', 58, 2013, 0, 1),
(1620, 2, 1, 1, 65, 22, 40, '10201300603040', 58, 2013, 0, 1),
(1621, 2, 1, 1, 65, 22, 41, '10201300603041', 58, 2013, 0, 1),
(1622, 2, 1, 1, 65, 22, 42, '10201300603042', 58, 2013, 0, 1),
(1623, 2, 1, 1, 65, 22, 43, '10201300603043', 58, 2013, 0, 1),
(1624, 2, 1, 1, 65, 22, 44, '10201300603044', 58, 2013, 0, 1),
(1625, 2, 1, 1, 117, 22, 1, '10201500609001', 96, 2015, 0, 1),
(1626, 2, 1, 1, 69, 22, 12, '10201600608012', 97, 2016, 0, 1),
(1627, 2, 1, 1, 69, 22, 13, '10201600608013', 97, 2016, 0, 1),
(1628, 2, 1, 1, 69, 22, 14, '10201600608014', 98, 2016, 0, 1),
(1629, 2, 1, 1, 69, 22, 15, '10201600608015', 98, 2016, 0, 1),
(1630, 2, 1, 1, 118, 21, 67, '10201300901067', 49, 2013, 0, 1),
(1631, 2, 1, 1, 118, 21, 68, '10201300901068', 49, 2013, 0, 1),
(1632, 2, 1, 1, 118, 21, 69, '10201300901069', 49, 2013, 0, 1),
(1633, 2, 1, 1, 118, 21, 70, '10201300901070', 49, 2013, 0, 1),
(1634, 2, 1, 1, 118, 21, 71, '10201300901071', 49, 2013, 0, 1),
(1635, 2, 1, 1, 118, 21, 72, '10201300901072', 49, 2013, 0, 1),
(1636, 2, 1, 1, 118, 21, 73, '10201300901073', 49, 2013, 0, 1),
(1637, 2, 1, 1, 118, 21, 74, '10201300901074', 49, 2013, 0, 1),
(1638, 2, 1, 1, 118, 21, 75, '10201300901075', 49, 2013, 0, 1),
(1639, 2, 1, 1, 118, 21, 76, '10201300901076', 49, 2013, 0, 1),
(1640, 2, 1, 1, 118, 21, 77, '10201300901077', 49, 2013, 0, 1),
(1641, 2, 1, 1, 118, 21, 78, '10201300901078', 49, 2013, 0, 1),
(1642, 2, 1, 1, 118, 21, 79, '10201300901079', 49, 2013, 0, 1),
(1643, 2, 1, 1, 118, 21, 80, '10201300901080', 49, 2013, 0, 1),
(1644, 2, 1, 1, 118, 21, 81, '10201300901081', 49, 2013, 0, 1),
(1645, 2, 1, 1, 118, 21, 82, '10201300901082', 49, 2013, 0, 1),
(1646, 2, 1, 1, 118, 21, 83, '10201300901083', 49, 2013, 0, 1),
(1647, 2, 1, 1, 118, 21, 84, '10201300901084', 49, 2013, 0, 1),
(1648, 2, 1, 1, 118, 21, 85, '10201300901085', 49, 2013, 0, 1),
(1649, 2, 1, 1, 118, 21, 86, '10201300901086', 49, 2013, 0, 1),
(1650, 2, 1, 1, 118, 21, 87, '10201300901087', 49, 2013, 0, 1),
(1651, 2, 1, 1, 118, 21, 88, '10201300901088', 49, 2013, 0, 1),
(1652, 2, 1, 1, 118, 21, 89, '10201300901089', 49, 2013, 0, 1),
(1653, 2, 1, 1, 118, 21, 90, '10201300901090', 49, 2013, 0, 1),
(1654, 2, 1, 1, 118, 21, 91, '10201300901091', 49, 2013, 0, 1),
(1655, 2, 1, 1, 118, 21, 92, '10201300901092', 49, 2013, 0, 1),
(1656, 2, 1, 1, 118, 21, 93, '10201300901093', 49, 2013, 0, 1),
(1657, 2, 1, 1, 118, 21, 94, '10201300901094', 49, 2013, 0, 1),
(1658, 2, 1, 1, 118, 21, 95, '10201300901095', 49, 2013, 0, 1),
(1659, 2, 1, 1, 118, 21, 96, '10201300901096', 49, 2013, 0, 1),
(1660, 2, 1, 1, 118, 21, 97, '10201300901097', 49, 2013, 0, 1),
(1661, 2, 1, 1, 118, 21, 98, '10201300901098', 49, 2013, 0, 1),
(1662, 2, 1, 1, 118, 21, 99, '10201300901099', 49, 2013, 0, 1),
(1663, 2, 1, 1, 118, 21, 100, '10201300901100', 49, 2013, 0, 1),
(1664, 2, 1, 1, 118, 21, 101, '10201300901101', 49, 2013, 0, 1),
(1665, 2, 1, 1, 118, 21, 102, '10201300901102', 49, 2013, 0, 1),
(1666, 2, 1, 1, 118, 21, 103, '10201300901103', 49, 2013, 0, 1),
(1667, 2, 1, 1, 118, 21, 104, '10201300901104', 49, 2013, 0, 1),
(1668, 2, 1, 1, 118, 21, 105, '10201300901105', 49, 2013, 0, 1),
(1669, 2, 1, 1, 118, 21, 106, '10201300901106', 49, 2013, 0, 1),
(1670, 2, 1, 1, 118, 21, 107, '10201300901107', 49, 2013, 0, 1),
(1671, 2, 1, 1, 118, 21, 108, '10201300901108', 49, 2013, 0, 1),
(1672, 2, 1, 1, 118, 21, 109, '10201300901109', 49, 2013, 0, 1),
(1673, 2, 1, 1, 118, 21, 110, '10201300901110', 49, 2013, 0, 1),
(1674, 2, 1, 1, 118, 21, 111, '10201300901111', 49, 2013, 0, 1),
(1675, 2, 1, 1, 118, 21, 112, '10201300901112', 49, 2013, 0, 1),
(1676, 2, 1, 1, 118, 21, 113, '10201300901113', 49, 2013, 0, 1);
INSERT INTO `tbl_inventory` (`id_inventory`, `id_vendor`, `id_warehouse`, `id_brand`, `id_fixture`, `id_tipe`, `running_number`, `kode_inventory`, `id_detail`, `thn_produksi`, `thn_demolish`, `id_status`) VALUES
(1677, 2, 1, 1, 118, 21, 114, '10201300901114', 49, 2013, 0, 1),
(1678, 2, 1, 1, 118, 21, 115, '10201300901115', 49, 2013, 0, 1),
(1679, 2, 1, 1, 118, 21, 116, '10201300901116', 49, 2013, 0, 1),
(1680, 2, 1, 1, 118, 21, 117, '10201300901117', 49, 2013, 0, 1),
(1681, 2, 1, 1, 118, 21, 118, '10201300901118', 49, 2013, 0, 1),
(1682, 2, 1, 1, 118, 21, 119, '10201300901119', 49, 2013, 0, 1),
(1683, 2, 1, 1, 118, 21, 120, '10201300901120', 49, 2013, 0, 1),
(1684, 2, 1, 1, 118, 21, 121, '10201300901121', 49, 2013, 0, 1),
(1685, 2, 1, 1, 118, 21, 122, '10201300901122', 49, 2013, 0, 1),
(1686, 2, 1, 1, 118, 21, 123, '10201300901123', 49, 2013, 0, 1),
(1687, 2, 1, 1, 118, 21, 124, '10201300901124', 49, 2013, 0, 1),
(1688, 2, 1, 1, 118, 21, 125, '10201300901125', 49, 2013, 0, 1),
(1689, 2, 1, 1, 118, 21, 126, '10201300901126', 49, 2013, 0, 1),
(1690, 2, 1, 1, 118, 21, 127, '10201300901127', 49, 2013, 0, 1),
(1691, 2, 1, 1, 118, 21, 128, '10201300901128', 49, 2013, 0, 1),
(1692, 2, 1, 1, 118, 21, 129, '10201300901129', 49, 2013, 0, 1),
(1693, 2, 1, 1, 118, 21, 130, '10201300901130', 49, 2013, 0, 1),
(1694, 2, 1, 1, 118, 21, 131, '10201300901131', 49, 2013, 0, 1),
(1695, 2, 1, 1, 118, 21, 132, '10201300901132', 49, 2013, 0, 1),
(1696, 2, 1, 1, 118, 21, 133, '10201300901133', 49, 2013, 0, 1),
(1697, 2, 1, 1, 118, 21, 134, '10201300901134', 49, 2013, 0, 1),
(1698, 2, 1, 1, 118, 21, 135, '10201300901135', 49, 2013, 0, 1),
(1699, 2, 1, 1, 118, 21, 136, '10201300901136', 49, 2013, 0, 1),
(1700, 2, 1, 1, 118, 21, 137, '10201300901137', 49, 2013, 0, 1),
(1701, 2, 1, 1, 118, 21, 138, '10201300901138', 49, 2013, 0, 1),
(1702, 2, 1, 1, 118, 21, 139, '10201300901139', 49, 2013, 0, 1),
(1703, 2, 1, 1, 118, 21, 140, '10201300901140', 49, 2013, 0, 1),
(1704, 2, 1, 1, 118, 21, 141, '10201300901141', 49, 2013, 0, 1),
(1705, 2, 1, 1, 118, 21, 142, '10201300901142', 49, 2013, 0, 1),
(1706, 2, 1, 1, 118, 21, 143, '10201300901143', 49, 2013, 0, 1),
(1707, 2, 1, 1, 118, 21, 144, '10201300901144', 49, 2013, 0, 1),
(1708, 2, 1, 1, 118, 21, 145, '10201300901145', 49, 2013, 0, 1),
(1709, 2, 1, 1, 118, 21, 146, '10201300901146', 49, 2013, 0, 1),
(1710, 2, 1, 1, 118, 21, 147, '10201300901147', 49, 2013, 0, 1),
(1711, 2, 1, 1, 118, 21, 148, '10201300901148', 49, 2013, 0, 1),
(1712, 2, 1, 1, 118, 21, 149, '10201300901149', 49, 2013, 0, 1),
(1713, 2, 1, 1, 118, 21, 150, '10201300901150', 49, 2013, 0, 1),
(1714, 2, 1, 1, 118, 21, 151, '10201300901151', 49, 2013, 0, 1),
(1715, 2, 1, 1, 118, 21, 152, '10201300901152', 49, 2013, 0, 1),
(1716, 2, 1, 1, 118, 21, 153, '10201300901153', 49, 2013, 0, 1),
(1717, 2, 1, 1, 118, 21, 154, '10201300901154', 49, 2013, 0, 1),
(1718, 2, 1, 1, 118, 21, 155, '10201300901155', 49, 2013, 0, 1),
(1719, 2, 1, 1, 118, 21, 156, '10201300901156', 49, 2013, 0, 1),
(1720, 2, 1, 1, 118, 21, 157, '10201300901157', 49, 2013, 0, 1),
(1721, 2, 1, 1, 118, 21, 158, '10201300901158', 49, 2013, 0, 1),
(1722, 2, 1, 1, 118, 21, 159, '10201300901159', 49, 2013, 0, 1),
(1723, 2, 1, 1, 118, 21, 160, '10201300901160', 49, 2013, 0, 1),
(1724, 2, 1, 1, 118, 21, 161, '10201300901161', 49, 2013, 0, 1),
(1725, 2, 1, 1, 118, 21, 162, '10201300901162', 49, 2013, 0, 1),
(1726, 2, 1, 1, 118, 21, 163, '10201300901163', 49, 2013, 0, 1),
(1727, 2, 1, 1, 118, 21, 164, '10201300901164', 49, 2013, 0, 1),
(1728, 2, 1, 1, 118, 21, 165, '10201300901165', 49, 2013, 0, 1),
(1729, 2, 1, 1, 118, 21, 166, '10201300901166', 49, 2013, 0, 1),
(1730, 2, 1, 1, 118, 21, 167, '10201300901167', 49, 2013, 0, 1),
(1731, 2, 1, 1, 118, 21, 168, '10201300901168', 49, 2013, 0, 1),
(1732, 2, 1, 1, 118, 21, 169, '10201300901169', 49, 2013, 0, 1),
(1733, 2, 1, 1, 118, 21, 170, '10201300901170', 49, 2013, 0, 1),
(1734, 2, 1, 1, 118, 21, 171, '10201300901171', 49, 2013, 0, 1),
(1735, 2, 1, 1, 118, 21, 172, '10201300901172', 49, 2013, 0, 1),
(1736, 2, 1, 1, 118, 21, 173, '10201300901173', 49, 2013, 0, 1),
(1737, 2, 1, 1, 118, 21, 174, '10201300901174', 49, 2013, 0, 1),
(1738, 2, 1, 1, 118, 21, 175, '10201300901175', 49, 2013, 0, 1),
(1739, 2, 1, 1, 118, 21, 176, '10201300901176', 49, 2013, 0, 1),
(1740, 2, 1, 1, 118, 21, 177, '10201300901177', 49, 2013, 0, 1),
(1741, 2, 1, 1, 118, 21, 178, '10201300901178', 49, 2013, 0, 1),
(1742, 2, 1, 1, 118, 21, 179, '10201300901179', 49, 2013, 0, 1),
(1743, 2, 1, 1, 118, 21, 180, '10201300901180', 49, 2013, 0, 1),
(1744, 2, 1, 1, 118, 21, 181, '10201300901181', 49, 2013, 0, 1),
(1745, 2, 1, 1, 118, 21, 182, '10201300901182', 49, 2013, 0, 1),
(1746, 2, 1, 1, 118, 21, 183, '10201300901183', 49, 2013, 0, 1),
(1747, 2, 1, 1, 118, 21, 184, '10201300901184', 49, 2013, 0, 1),
(1748, 2, 1, 1, 118, 21, 185, '10201300901185', 49, 2013, 0, 1),
(1749, 2, 1, 1, 118, 21, 186, '10201300901186', 49, 2013, 0, 1),
(1750, 2, 1, 1, 118, 21, 187, '10201300901187', 49, 2013, 0, 1),
(1751, 2, 1, 1, 118, 21, 188, '10201300901188', 49, 2013, 0, 1),
(1752, 2, 1, 1, 118, 21, 189, '10201300901189', 49, 2013, 0, 1),
(1753, 2, 1, 1, 118, 21, 190, '10201300901190', 49, 2013, 0, 1),
(1754, 2, 1, 1, 118, 21, 191, '10201300901191', 49, 2013, 0, 1),
(1755, 2, 1, 1, 118, 21, 192, '10201300901192', 49, 2013, 0, 1),
(1756, 2, 1, 1, 118, 21, 193, '10201300901193', 49, 2013, 0, 1),
(1757, 2, 1, 1, 118, 21, 194, '10201300901194', 49, 2013, 0, 1),
(1758, 2, 1, 1, 118, 21, 195, '10201300901195', 49, 2013, 0, 1),
(1759, 2, 1, 1, 118, 21, 196, '10201300901196', 49, 2013, 0, 1),
(1760, 2, 1, 1, 118, 21, 197, '10201300901197', 49, 2013, 0, 1),
(1761, 2, 1, 1, 118, 21, 198, '10201300901198', 49, 2013, 0, 1),
(1762, 2, 1, 1, 118, 21, 199, '10201300901199', 49, 2013, 0, 1),
(1763, 2, 1, 1, 118, 21, 200, '10201300901200', 49, 2013, 0, 1),
(1764, 2, 1, 1, 118, 21, 201, '10201300901201', 49, 2013, 0, 1),
(1765, 2, 1, 1, 118, 21, 202, '10201300901202', 49, 2013, 0, 1),
(1766, 2, 1, 1, 118, 21, 203, '10201300901203', 49, 2013, 0, 1),
(1767, 2, 1, 1, 118, 21, 204, '10201300901204', 49, 2013, 0, 1),
(1768, 2, 1, 1, 118, 21, 205, '10201300901205', 49, 2013, 0, 1),
(1769, 2, 1, 1, 118, 21, 206, '10201300901206', 49, 2013, 0, 1),
(1770, 2, 1, 1, 118, 21, 207, '10201300901207', 49, 2013, 0, 1),
(1771, 2, 1, 1, 118, 21, 208, '10201300901208', 49, 2013, 0, 1),
(1772, 2, 1, 1, 118, 21, 209, '10201300901209', 49, 2013, 0, 1),
(1773, 2, 1, 1, 118, 21, 210, '10201300901210', 49, 2013, 0, 1),
(1774, 2, 1, 1, 67, 14, 10, '10201600406010', 68, 2016, 0, 1),
(1775, 2, 1, 1, 67, 14, 11, '10201600406011', 68, 2016, 0, 1),
(1776, 2, 1, 1, 85, 25, 5, '10201601003005', 99, 2016, 0, 1),
(1777, 2, 1, 1, 119, 57, 1, '10201601601001', 100, 2016, 0, 1),
(1778, 2, 1, 1, 30, 16, 11, '10201600304011', 101, 2016, 0, 1),
(1779, 2, 1, 1, 30, 16, 12, '10201600304012', 102, 2016, 0, 1),
(1780, 2, 1, 1, 30, 16, 13, '10201600304013', 102, 2016, 0, 1),
(1781, 2, 1, 1, 120, 23, 1, '10201601004001', 82, 2016, 0, 1),
(1782, 2, 1, 1, 120, 23, 2, '10201601004002', 82, 2016, 0, 1),
(1783, 2, 1, 1, 121, 19, 1, '10201201211001', 103, 2012, 0, 1),
(1784, 2, 1, 1, 121, 19, 2, '10201201211002', 103, 2012, 0, 1),
(1785, 2, 1, 1, 76, 23, 6, '10201601002006', 104, 2016, 0, 1),
(1786, 2, 1, 1, 76, 23, 7, '10201601002007', 105, 2016, 0, 1),
(1787, 2, 1, 2, 95, 26, 8, '11201601401008', 2, 2016, 0, 1),
(1788, 2, 1, 2, 95, 26, 9, '11201601401009', 2, 2016, 0, 1),
(1789, 2, 1, 2, 95, 26, 10, '11201601401010', 2, 2016, 0, 1),
(1790, 2, 1, 2, 95, 26, 11, '11201601401011', 2, 2016, 0, 1),
(1791, 2, 1, 2, 95, 26, 12, '11201601401012', 2, 2016, 0, 1),
(1792, 2, 1, 2, 95, 26, 13, '11201601401013', 2, 2016, 0, 1),
(1793, 2, 1, 2, 95, 26, 14, '11201601401014', 2, 2016, 0, 1),
(1794, 2, 1, 2, 95, 26, 15, '11201601401015', 2, 2016, 0, 1),
(1795, 2, 1, 2, 95, 26, 16, '11201601401016', 2, 2016, 0, 1),
(1796, 2, 1, 2, 69, 22, 40, '11201600608040', 59, 2016, 0, 1),
(1797, 2, 1, 2, 69, 22, 41, '11201600608041', 59, 2016, 0, 1),
(1798, 2, 1, 2, 69, 22, 42, '11201600608042', 59, 2016, 0, 1),
(1799, 2, 1, 2, 69, 22, 43, '11201600608043', 59, 2016, 0, 1),
(1800, 2, 1, 2, 69, 22, 44, '11201600608044', 59, 2016, 0, 1),
(1801, 2, 1, 2, 69, 22, 45, '11201600608045', 59, 2016, 0, 1),
(1802, 2, 1, 2, 69, 22, 46, '11201600608046', 59, 2016, 0, 1),
(1803, 2, 1, 2, 69, 22, 47, '11201600608047', 59, 2016, 0, 1),
(1804, 2, 1, 2, 69, 22, 48, '11201600608048', 59, 2016, 0, 1),
(1805, 2, 1, 2, 69, 22, 49, '11201600608049', 59, 2016, 0, 1),
(1806, 2, 1, 2, 67, 14, 40, '11201600408040', 33, 2016, 0, 1),
(1807, 2, 1, 2, 67, 14, 41, '11201600408041', 33, 2016, 0, 1),
(1808, 2, 1, 2, 67, 14, 42, '11201600408042', 33, 2016, 0, 1),
(1809, 2, 1, 2, 67, 14, 43, '11201600408043', 33, 2016, 0, 1),
(1810, 2, 1, 2, 67, 14, 44, '11201600408044', 33, 2016, 0, 1),
(1811, 2, 1, 2, 67, 14, 45, '11201600408045', 33, 2016, 0, 1),
(1812, 2, 1, 2, 67, 14, 46, '11201600408046', 33, 2016, 0, 1),
(1813, 2, 1, 2, 67, 14, 47, '11201600408047', 33, 2016, 0, 1),
(1814, 2, 1, 2, 67, 14, 48, '11201600408048', 33, 2016, 0, 1),
(1815, 2, 1, 2, 67, 14, 49, '11201600408049', 33, 2016, 0, 1),
(1816, 2, 1, 2, 76, 23, 66, '11201601002066', 80, 2016, 0, 1),
(1817, 2, 1, 2, 76, 23, 67, '11201601002067', 80, 2016, 0, 1),
(1818, 2, 1, 2, 76, 23, 68, '11201601002068', 80, 2016, 0, 1),
(1819, 2, 1, 2, 76, 23, 69, '11201601002069', 80, 2016, 0, 1),
(1820, 2, 1, 2, 76, 23, 70, '11201601002070', 80, 2016, 0, 1),
(1821, 2, 1, 2, 76, 23, 71, '11201601002071', 80, 2016, 0, 1),
(1822, 2, 1, 2, 76, 23, 72, '11201601002072', 80, 2016, 0, 1),
(1823, 2, 1, 2, 76, 23, 73, '11201601002073', 80, 2016, 0, 1),
(1824, 2, 1, 2, 76, 23, 74, '11201601002074', 80, 2016, 0, 1),
(1825, 2, 1, 2, 76, 23, 75, '11201601002075', 80, 2016, 0, 1),
(1826, 2, 1, 2, 76, 23, 76, '11201601002076', 80, 2016, 0, 1),
(1827, 3, 7, 1, 5, 11, 40, '10201300103040', 4, 2013, 0, 1),
(1828, 3, 7, 1, 5, 11, 41, '10201300103041', 4, 2013, 0, 1),
(1829, 3, 7, 1, 5, 11, 42, '10201300103042', 4, 2013, 0, 1),
(1830, 3, 7, 1, 5, 11, 43, '10201300103043', 4, 2013, 0, 1),
(1831, 3, 7, 1, 5, 11, 44, '10201300103044', 4, 2013, 0, 1),
(1832, 3, 7, 1, 5, 11, 45, '10201300103045', 4, 2013, 0, 1),
(1833, 3, 7, 1, 5, 11, 46, '10201300103046', 4, 2013, 0, 1),
(1834, 3, 7, 1, 5, 11, 47, '10201300103047', 4, 2013, 0, 1),
(1835, 3, 7, 1, 5, 11, 48, '10201300103048', 4, 2013, 0, 1),
(1836, 3, 7, 1, 111, 58, 1, '10201601517001', 2, 2016, 0, 1),
(1837, 3, 7, 1, 122, 12, 1, '10201601303001', 2, 2016, 0, 1),
(1838, 3, 7, 1, 122, 12, 2, '10201601303002', 2, 2016, 0, 1),
(1839, 3, 7, 1, 122, 12, 3, '10201601303003', 2, 2016, 0, 1),
(1840, 3, 7, 1, 123, 13, 1, '10000000208001', 106, 0, 0, 1),
(1841, 3, 7, 1, 123, 13, 2, '10000000208002', 106, 0, 0, 1),
(1842, 3, 7, 1, 123, 13, 3, '10000000208003', 106, 0, 0, 1),
(1843, 3, 7, 1, 123, 13, 4, '10000000208004', 106, 0, 0, 1),
(1844, 3, 7, 1, 123, 13, 5, '10000000208005', 106, 0, 0, 1),
(1845, 3, 7, 1, 123, 13, 6, '10000000208006', 106, 0, 0, 1),
(1846, 3, 7, 1, 123, 13, 7, '10000000208007', 106, 0, 0, 1),
(1847, 3, 7, 1, 123, 13, 8, '10000000208008', 106, 0, 0, 1),
(1848, 3, 7, 1, 123, 13, 9, '10000000208009', 106, 0, 0, 1),
(1849, 3, 7, 1, 123, 13, 10, '10000000208010', 106, 0, 0, 1),
(1850, 3, 7, 1, 123, 13, 11, '10000000208011', 106, 0, 0, 1),
(1851, 3, 7, 1, 123, 13, 12, '10000000208012', 106, 0, 0, 1),
(1852, 3, 7, 1, 123, 13, 13, '10000000208013', 106, 0, 0, 1),
(1853, 3, 7, 1, 123, 13, 14, '10000000208014', 106, 0, 0, 1),
(1854, 3, 7, 1, 123, 13, 15, '10000000208015', 106, 0, 0, 1),
(1855, 3, 7, 1, 123, 13, 16, '10000000208016', 106, 0, 0, 1),
(1856, 3, 7, 1, 123, 13, 17, '10000000208017', 106, 0, 0, 1),
(1857, 3, 7, 1, 124, 13, 1, '10000000209001', 107, 0, 0, 1),
(1858, 3, 7, 1, 109, 13, 2, '10201700207002', 92, 2017, 0, 1),
(1859, 3, 7, 1, 109, 13, 3, '10201700207003', 92, 2017, 0, 1),
(1860, 3, 7, 1, 109, 13, 4, '10201700207004', 92, 2017, 0, 1),
(1861, 3, 7, 1, 109, 13, 5, '10201700207005', 92, 2017, 0, 1),
(1862, 3, 7, 1, 29, 16, 266, '10201500301266', 22, 2015, 0, 1),
(1863, 3, 7, 1, 29, 16, 267, '10201500301267', 22, 2015, 0, 1),
(1864, 3, 7, 1, 29, 16, 268, '10201500301268', 22, 2015, 0, 1),
(1865, 3, 7, 1, 29, 16, 269, '10201500301269', 22, 2015, 0, 1),
(1866, 3, 7, 1, 29, 16, 270, '10201500301270', 22, 2015, 0, 1),
(1867, 3, 7, 1, 29, 16, 271, '10201500301271', 22, 2015, 0, 1),
(1868, 3, 7, 1, 29, 16, 272, '10201500301272', 22, 2015, 0, 1),
(1869, 3, 7, 1, 29, 16, 273, '10201500301273', 22, 2015, 0, 1),
(1870, 3, 7, 1, 29, 16, 274, '10201500301274', 22, 2015, 0, 1),
(1871, 3, 7, 1, 29, 16, 275, '10201500301275', 22, 2015, 0, 1),
(1872, 3, 7, 1, 29, 16, 276, '10201500301276', 22, 2015, 0, 1),
(1873, 3, 7, 1, 29, 16, 277, '10201500301277', 22, 2015, 0, 1),
(1874, 3, 7, 1, 29, 16, 278, '10201500301278', 22, 2015, 0, 1),
(1875, 3, 7, 1, 29, 16, 279, '10201500301279', 22, 2015, 0, 1),
(1876, 3, 7, 1, 29, 16, 280, '10201500301280', 22, 2015, 0, 1),
(1877, 3, 7, 1, 29, 16, 281, '10201500301281', 22, 2015, 0, 1),
(1878, 3, 7, 1, 29, 16, 282, '10201500301282', 22, 2015, 0, 1),
(1879, 3, 7, 1, 29, 16, 283, '10201500301283', 22, 2015, 0, 1),
(1880, 3, 7, 1, 29, 16, 284, '10201500301284', 22, 2015, 0, 1),
(1881, 3, 7, 1, 29, 16, 285, '10201500301285', 22, 2015, 0, 1),
(1882, 3, 7, 1, 29, 16, 286, '10201500301286', 22, 2015, 0, 1),
(1883, 3, 7, 1, 29, 16, 287, '10201500301287', 22, 2015, 0, 1),
(1884, 3, 7, 1, 29, 16, 288, '10201500301288', 22, 2015, 0, 1),
(1885, 3, 7, 1, 29, 16, 289, '10201500301289', 22, 2015, 0, 1),
(1886, 3, 7, 1, 29, 16, 290, '10201500301290', 22, 2015, 0, 1),
(1887, 3, 7, 1, 29, 16, 291, '10201500301291', 22, 2015, 0, 1),
(1888, 3, 7, 1, 29, 16, 292, '10201500301292', 22, 2015, 0, 1),
(1889, 3, 7, 1, 29, 16, 293, '10201500301293', 22, 2015, 0, 1),
(1890, 3, 7, 1, 29, 16, 294, '10201500301294', 22, 2015, 0, 1),
(1891, 3, 7, 1, 29, 16, 295, '10201500301295', 22, 2015, 0, 1),
(1892, 3, 7, 1, 29, 16, 296, '10201500301296', 22, 2015, 0, 1),
(1893, 3, 7, 1, 29, 16, 297, '10201500301297', 22, 2015, 0, 1),
(1894, 3, 7, 1, 29, 16, 298, '10201500301298', 22, 2015, 0, 1),
(1895, 3, 7, 1, 29, 16, 299, '10201500301299', 22, 2015, 0, 1),
(1896, 3, 7, 1, 29, 16, 300, '10201500301300', 22, 2015, 0, 1),
(1897, 3, 7, 1, 29, 16, 301, '10201500301301', 22, 2015, 0, 1),
(1898, 3, 7, 1, 29, 16, 302, '10201500301302', 22, 2015, 0, 1),
(1899, 3, 7, 1, 29, 16, 303, '10201500301303', 22, 2015, 0, 1),
(1900, 3, 7, 1, 29, 16, 304, '10201500301304', 22, 2015, 0, 1),
(1901, 3, 7, 1, 29, 16, 305, '10201500301305', 22, 2015, 0, 1),
(1902, 3, 7, 1, 29, 16, 306, '10201500301306', 22, 2015, 0, 1),
(1903, 3, 7, 1, 29, 16, 307, '10201500301307', 22, 2015, 0, 1),
(1904, 3, 7, 1, 29, 16, 308, '10201500301308', 22, 2015, 0, 1),
(1905, 3, 7, 1, 29, 16, 309, '10201500301309', 22, 2015, 0, 1),
(1906, 3, 7, 1, 29, 16, 310, '10201500301310', 22, 2015, 0, 1),
(1907, 3, 7, 1, 29, 16, 311, '10201500301311', 22, 2015, 0, 1),
(1908, 3, 7, 1, 29, 16, 312, '10201500301312', 22, 2015, 0, 1),
(1909, 3, 7, 1, 29, 16, 313, '10201500301313', 22, 2015, 0, 1),
(1910, 3, 7, 1, 29, 16, 314, '10201500301314', 22, 2015, 0, 1),
(1911, 3, 7, 1, 29, 16, 315, '10201500301315', 22, 2015, 0, 1),
(1912, 3, 7, 1, 29, 16, 316, '10201500301316', 22, 2015, 0, 1),
(1913, 3, 7, 1, 29, 16, 317, '10201500301317', 22, 2015, 0, 1),
(1914, 3, 7, 1, 29, 16, 318, '10201500301318', 22, 2015, 0, 1),
(1915, 3, 7, 1, 29, 16, 319, '10201500301319', 22, 2015, 0, 1),
(1916, 3, 7, 1, 29, 16, 320, '10201500301320', 22, 2015, 0, 1),
(1917, 3, 7, 1, 29, 16, 321, '10201500301321', 22, 2015, 0, 1),
(1918, 3, 7, 1, 29, 16, 322, '10201500301322', 22, 2015, 0, 1),
(1919, 3, 7, 1, 29, 16, 323, '10201500301323', 22, 2015, 0, 1),
(1920, 3, 7, 1, 29, 16, 324, '10201500301324', 22, 2015, 0, 1),
(1921, 3, 7, 1, 29, 16, 325, '10201500301325', 22, 2015, 0, 1),
(1922, 3, 7, 1, 29, 16, 326, '10201500301326', 22, 2015, 0, 1),
(1923, 3, 7, 1, 29, 16, 327, '10201500301327', 22, 2015, 0, 1),
(1924, 3, 7, 1, 29, 16, 328, '10201500301328', 22, 2015, 0, 1),
(1925, 3, 7, 1, 29, 16, 329, '10201500301329', 22, 2015, 0, 1),
(1926, 3, 7, 1, 29, 16, 330, '10201500301330', 22, 2015, 0, 1),
(1927, 3, 7, 1, 29, 16, 331, '10201500301331', 22, 2015, 0, 1),
(1928, 3, 7, 1, 29, 16, 332, '10201500301332', 22, 2015, 0, 1),
(1929, 3, 7, 1, 29, 16, 333, '10201500301333', 22, 2015, 0, 1),
(1930, 3, 7, 1, 29, 16, 334, '10201500301334', 22, 2015, 0, 1),
(1931, 3, 7, 1, 44, 18, 65, '10201500501065', 38, 2015, 0, 1),
(1932, 3, 7, 1, 44, 18, 66, '10201500501066', 38, 2015, 0, 1),
(1933, 3, 7, 1, 44, 18, 67, '10201500501067', 38, 2015, 0, 1),
(1934, 3, 7, 1, 44, 18, 68, '10201500501068', 38, 2015, 0, 1),
(1935, 3, 7, 1, 44, 18, 69, '10201500501069', 38, 2015, 0, 1),
(1936, 3, 7, 1, 44, 18, 70, '10201500501070', 38, 2015, 0, 1),
(1937, 3, 7, 1, 44, 18, 71, '10201500501071', 38, 2015, 0, 1),
(1938, 3, 7, 1, 125, 20, 8, '1001401008', 2, 0, 0, 1),
(1939, 1, 1, 1, 111, 52, 10, '10201801512010', 2, 2018, 0, 1),
(1940, 1, 1, 1, 111, 53, 11, '10201801513011', 2, 2018, 0, 1),
(1941, 1, 1, 1, 111, 54, 11, '10201801514011', 2, 2018, 0, 1),
(1942, 1, 1, 1, 111, 55, 11, '10201801515011', 2, 2018, 0, 1),
(1943, 1, 1, 1, 111, 56, 11, '10201801516011', 2, 2018, 0, 1),
(1944, 1, 1, 1, 111, 52, 10, '10201801512010', 2, 2018, 0, 1),
(1945, 1, 1, 1, 111, 53, 12, '10201801513012', 2, 2018, 0, 1),
(1946, 1, 1, 1, 111, 54, 12, '10201801514012', 2, 2018, 0, 1),
(1947, 1, 1, 1, 111, 55, 12, '10201801515012', 2, 2018, 0, 1),
(1948, 1, 1, 1, 111, 56, 12, '10201801516012', 2, 2018, 0, 1),
(1949, 1, 1, 1, 111, 52, 10, '10201801512010', 2, 2018, 0, 1),
(1950, 1, 1, 1, 111, 53, 13, '10201801513013', 2, 2018, 0, 1),
(1951, 1, 1, 1, 111, 54, 13, '10201801514013', 2, 2018, 0, 1),
(1952, 1, 1, 1, 111, 55, 13, '10201801515013', 2, 2018, 0, 1),
(1953, 1, 1, 1, 111, 56, 13, '10201801516013', 2, 2018, 0, 1),
(1954, 1, 1, 1, 111, 52, 10, '10201801512010', 2, 2018, 0, 1),
(1955, 1, 1, 1, 111, 53, 14, '10201801513014', 2, 2018, 0, 1),
(1956, 1, 1, 1, 111, 54, 14, '10201801514014', 2, 2018, 0, 1),
(1957, 1, 1, 1, 111, 55, 14, '10201801515014', 2, 2018, 0, 1),
(1958, 1, 1, 1, 111, 56, 14, '10201801516014', 2, 2018, 0, 1),
(1959, 1, 1, 1, 111, 52, 10, '10201801512010', 2, 2018, 0, 1),
(1960, 1, 1, 1, 111, 53, 15, '10201801513015', 2, 2018, 0, 1),
(1961, 1, 1, 1, 111, 54, 15, '10201801514015', 2, 2018, 0, 1),
(1962, 1, 1, 1, 111, 55, 15, '10201801515015', 2, 2018, 0, 1),
(1963, 1, 1, 1, 111, 56, 15, '10201801516015', 2, 2018, 0, 1),
(1964, 4, 3, 2, 126, 14, 1, '11201200418001', 2, 2012, 0, 1),
(1965, 4, 3, 2, 127, 23, 77, '11201201002077', 80, 2012, 0, 1),
(1966, 4, 3, 2, 127, 23, 78, '11201201002078', 80, 2012, 0, 1),
(1967, 4, 3, 2, 128, 22, 1, '11201200617001', 2, 2012, 0, 1),
(1968, 5, 1, 1, 129, 59, 1, '10201701518001', 2, 2017, 0, 1),
(1969, 5, 1, 1, 130, 60, 1, '10201601519001', 2, 2016, 0, 1),
(1970, 5, 1, 1, 130, 60, 2, '10201601519002', 2, 2016, 0, 1),
(1971, 5, 1, 1, 130, 60, 3, '10201601519003', 2, 2016, 0, 1),
(1972, 5, 1, 1, 130, 60, 4, '10201601519004', 2, 2016, 0, 1),
(1973, 5, 1, 1, 110, 44, 7, '10201601509007', 2, 2016, 0, 1),
(1974, 5, 1, 1, 110, 45, 7, '10201601510007', 2, 2016, 0, 1),
(1975, 5, 1, 1, 110, 45, 8, '10201601510008', 2, 2016, 0, 1),
(1976, 5, 1, 1, 110, 61, 7, '10201601511007', 2, 2016, 0, 1),
(1977, 5, 1, 1, 110, 62, 8, '10201601511008', 2, 2016, 0, 1),
(1978, 5, 1, 1, 131, 63, 1, '10201701520001', 2, 2017, 0, 1),
(1979, 5, 1, 1, 131, 63, 2, '10201701520002', 2, 2017, 0, 1),
(1980, 5, 1, 1, 131, 63, 3, '10201701520003', 2, 2017, 0, 1),
(1981, 5, 1, 1, 131, 63, 4, '10201701520004', 2, 2017, 0, 1),
(1982, 5, 1, 1, 131, 63, 5, '10201701520005', 2, 2017, 0, 1),
(1983, 5, 1, 1, 131, 63, 6, '10201701520006', 2, 2017, 0, 1),
(1984, 5, 1, 1, 131, 63, 7, '10201701520007', 2, 2017, 0, 1),
(1985, 5, 1, 1, 131, 63, 8, '10201701520008', 2, 2017, 0, 1),
(1986, 5, 1, 1, 131, 63, 9, '10201701520009', 2, 2017, 0, 1),
(1987, 5, 1, 1, 131, 63, 10, '10201701520010', 2, 2017, 0, 1),
(1988, 5, 1, 1, 131, 63, 11, '10201701520011', 2, 2017, 0, 1),
(1989, 5, 1, 1, 131, 63, 12, '10201701520012', 2, 2017, 0, 1),
(1990, 5, 1, 1, 131, 63, 13, '10201701520013', 2, 2017, 0, 1),
(1991, 5, 1, 1, 131, 63, 14, '10201701520014', 2, 2017, 0, 1),
(1992, 5, 1, 1, 131, 63, 15, '10201701520015', 2, 2017, 0, 1),
(1993, 5, 1, 1, 131, 63, 16, '10201701520016', 2, 2017, 0, 1),
(1994, 5, 1, 1, 109, 13, 6, '10201700207006', 92, 2017, 0, 1),
(1995, 5, 1, 1, 109, 13, 7, '10201700207007', 92, 2017, 0, 1),
(1996, 5, 1, 1, 132, 19, 1, '10201701221001', 108, 2017, 0, 1),
(1997, 5, 1, 1, 133, 64, 1, '10201701801001', 2, 2017, 0, 1),
(1998, 5, 1, 1, 134, 18, 1, '10201700503001', 2, 2017, 0, 1),
(1999, 5, 1, 1, 134, 18, 2, '10201700503002', 2, 2017, 0, 1),
(2000, 5, 1, 1, 135, 19, 1, '10201601212001', 109, 2016, 0, 1),
(2001, 5, 1, 1, 136, 11, 8, '10201700116008', 110, 2017, 0, 1),
(2002, 5, 1, 1, 57, 19, 8, '10201601209008', 51, 2016, 0, 1),
(2003, 5, 1, 1, 137, 19, 9, '10201701209009', 111, 2017, 0, 1),
(2004, 5, 1, 1, 138, 15, 0, '', 112, 2016, 0, 1),
(2005, 5, 1, 1, 106, 22, 16, '10201700608016', 60, 2017, 0, 1),
(2006, 5, 1, 1, 106, 22, 17, '10201700608017', 60, 2017, 0, 1),
(2007, 5, 1, 1, 106, 22, 18, '10201700608018', 60, 2017, 0, 1),
(2008, 5, 1, 1, 106, 22, 19, '10201700608019', 60, 2017, 0, 1),
(2009, 5, 1, 1, 106, 22, 20, '10201700608020', 60, 2017, 0, 1),
(2010, 5, 1, 1, 106, 22, 21, '10201700608021', 60, 2017, 0, 1),
(2011, 5, 1, 1, 105, 14, 1, '10201700407001', 113, 2017, 0, 1),
(2012, 5, 1, 1, 139, 19, 1, '10201701213001', 114, 2017, 0, 1),
(2013, 5, 1, 1, 139, 19, 2, '10201701213002', 114, 2017, 0, 1),
(2014, 5, 1, 1, 139, 19, 3, '10201701213003', 114, 2017, 0, 1),
(2015, 5, 1, 1, 139, 19, 4, '10201701213004', 114, 2017, 0, 1),
(2016, 5, 1, 1, 140, 19, 1, '10201701214001', 115, 2017, 0, 1),
(2017, 5, 1, 1, 107, 23, 1, '10201701005001', 116, 2017, 0, 1),
(2018, 5, 1, 1, 141, 23, 3, '10201501004003', 82, 2015, 0, 1),
(2019, 5, 1, 1, 141, 23, 4, '10201501004004', 82, 2015, 0, 1),
(2020, 5, 1, 1, 141, 23, 5, '10201501004005', 82, 2015, 0, 1),
(2021, 5, 1, 1, 141, 23, 6, '10201501004006', 82, 2015, 0, 1),
(2022, 5, 1, 1, 142, 19, 1, '10201701215001', 117, 2017, 0, 1),
(2023, 5, 1, 1, 142, 19, 2, '10201701215002', 117, 2017, 0, 1),
(2024, 5, 1, 1, 142, 19, 3, '10201701215003', 117, 2017, 0, 1),
(2025, 5, 1, 1, 143, 14, 1, '10201700419001', 118, 2017, 0, 1),
(2026, 5, 1, 1, 144, 18, 1, '10201800504001', 2, 2018, 0, 1),
(2027, 5, 1, 1, 145, 19, 2, '10201801212002', 109, 2018, 0, 1),
(2028, 5, 1, 1, 146, 26, 1, '10201701402001', 119, 2017, 0, 1),
(2029, 5, 1, 1, 147, 19, 1, '10201701216001', 120, 2017, 0, 1),
(2030, 5, 1, 1, 147, 19, 2, '10201701216002', 120, 2017, 0, 1),
(2031, 5, 1, 1, 148, 14, 12, '10201500406012', 121, 2015, 0, 1),
(2032, 5, 1, 1, 149, 19, 1, '10201701217001', 122, 2017, 0, 1),
(2033, 5, 1, 1, 150, 65, 1, '10201801521001', 2, 2018, 0, 1),
(2034, 5, 1, 1, 151, 66, 1, '10201801522001', 2, 2018, 0, 1),
(2035, 5, 1, 1, 152, 18, 1, '10201800505001', 2, 2018, 0, 1),
(2036, 5, 1, 2, 153, 59, 1, '11201701519001', 2, 2017, 0, 1),
(2037, 5, 1, 2, 153, 59, 2, '11201701519002', 2, 2017, 0, 1),
(2038, 5, 1, 2, 153, 59, 3, '11201701519003', 2, 2017, 0, 1),
(2039, 5, 1, 2, 154, 23, 1, '11201701003001', 123, 2017, 0, 1),
(2040, 5, 1, 2, 155, 67, 1, '11201801901001', 124, 2018, 0, 1),
(2041, 5, 1, 2, 155, 67, 1, '11201801902001', 125, 2018, 0, 1),
(2042, 5, 1, 2, 156, 19, 1, '11201601218001', 126, 2016, 0, 1),
(2043, 5, 1, 2, 156, 19, 2, '11201601218002', 126, 2016, 0, 1),
(2044, 5, 1, 2, 156, 19, 3, '11201601218003', 126, 2016, 0, 1),
(2045, 5, 1, 2, 156, 19, 1, '11201601219001', 127, 2016, 0, 1),
(2046, 5, 1, 2, 156, 19, 2, '11201601219002', 127, 2016, 0, 1),
(2047, 5, 1, 2, 157, 68, 1, '11201800903001', 128, 2018, 0, 1),
(2048, 5, 1, 2, 158, 18, 1, '11201600506001', 2, 2016, 0, 1),
(2049, 5, 1, 2, 158, 18, 2, '11201600506002', 2, 2016, 0, 1),
(2050, 5, 1, 2, 105, 14, 1, '11201700420001', 129, 2017, 0, 1),
(2051, 5, 1, 2, 105, 14, 2, '11201700420002', 129, 2017, 0, 1),
(2052, 5, 1, 2, 105, 14, 3, '11201700420003', 129, 2017, 0, 1),
(2053, 5, 1, 2, 105, 14, 4, '11201700420004', 129, 2017, 0, 1),
(2054, 5, 1, 2, 105, 14, 5, '11201700420005', 129, 2017, 0, 1),
(2055, 5, 1, 2, 105, 14, 6, '11201700420006', 129, 2017, 0, 1),
(2056, 5, 1, 2, 159, 13, 1, '11201700210001', 130, 2017, 0, 1),
(2057, 5, 1, 2, 160, 18, 1, '11201800507001', 2, 2018, 0, 1),
(2058, 5, 1, 2, 127, 23, 79, '11201501002079', 80, 2015, 0, 1),
(2059, 5, 1, 2, 161, 19, 2, '11201501205002', 111, 2015, 0, 1),
(2060, 5, 1, 2, 161, 19, 3, '11201501205003', 111, 2015, 0, 1),
(2061, 5, 1, 2, 95, 26, 17, '11201601401017', 119, 2016, 0, 1),
(2062, 5, 1, 2, 95, 26, 18, '11201601401018', 119, 2016, 0, 1),
(2063, 5, 1, 2, 95, 26, 19, '11201601401019', 119, 2016, 0, 1),
(2064, 5, 1, 2, 162, 19, 2, '11201701214002', 115, 2017, 0, 1),
(2065, 5, 1, 2, 163, 14, 1, '11201700421001', 131, 2017, 0, 1),
(2066, 5, 1, 2, 164, 19, 2, '11201801221002', 108, 2018, 0, 1),
(2067, 5, 1, 2, 165, 22, 1, '11201400618001', 132, 2014, 0, 1),
(2068, 5, 1, 2, 64, 14, 50, '11201500408050', 33, 2015, 0, 1),
(2069, 5, 1, 2, 64, 14, 51, '11201500408051', 33, 2015, 0, 1),
(2070, 5, 1, 2, 64, 14, 52, '11201500408052', 33, 2015, 0, 1),
(2071, 5, 1, 2, 64, 14, 53, '11201500408053', 33, 2015, 0, 1),
(2072, 5, 1, 2, 64, 14, 54, '11201500408054', 33, 2015, 0, 1),
(2073, 5, 1, 2, 166, 11, 1, '11201600118001', 133, 2016, 0, 1),
(2074, 5, 1, 3, 167, 19, 1, '12201701220001', 134, 2017, 0, 1),
(2075, 5, 1, 3, 168, 69, 1, '12201700619001', 135, 2017, 0, 1),
(2076, 5, 1, 3, 169, 15, 0, '', 2, 2017, 0, 1),
(2077, 5, 1, 3, 170, 23, 1, '12201701006001', 2, 2017, 0, 1),
(2078, 5, 1, 3, 170, 23, 2, '12201701006002', 2, 2017, 0, 1),
(2079, 5, 1, 3, 170, 23, 3, '12201701006003', 2, 2017, 0, 1),
(2080, 5, 1, 3, 170, 23, 4, '12201701006004', 2, 2017, 0, 1),
(2081, 5, 1, 3, 171, 70, 1, '12201801523001', 2, 2018, 0, 1),
(2082, 5, 1, 3, 171, 70, 2, '12201801523002', 2, 2018, 0, 1),
(2083, 5, 1, 3, 171, 70, 3, '12201801523003', 2, 2018, 0, 1),
(2084, 5, 1, 3, 171, 70, 4, '12201801523004', 2, 2018, 0, 1),
(2085, 5, 1, 3, 172, 19, 1, '12201701222001', 136, 2017, 0, 1);

-- --------------------------------------------------------

--
-- Table structure for table `tbl_pinjam`
--

CREATE TABLE `tbl_pinjam` (
  `id_pinjam` int(10) NOT NULL,
  `id_store` int(10) NOT NULL,
  `tgl_mulai` date NOT NULL,
  `tgl_akhir` date NOT NULL,
  `selesai` int(1) NOT NULL,
  `keterangan` varchar(500) NOT NULL
) ENGINE=InnoDB DEFAULT CHARSET=latin1;

-- --------------------------------------------------------

--
-- Table structure for table `tbl_status`
--

CREATE TABLE `tbl_status` (
  `id_status` int(2) NOT NULL,
  `nama_status` varchar(20) NOT NULL
) ENGINE=InnoDB DEFAULT CHARSET=latin1;

--
-- Dumping data for table `tbl_status`
--

INSERT INTO `tbl_status` (`id_status`, `nama_status`) VALUES
(1, 'Aktif'),
(2, 'Dipinjam'),
(3, 'Tidak Tersedia');

-- --------------------------------------------------------

--
-- Table structure for table `tbl_store`
--

CREATE TABLE `tbl_store` (
  `id_store` int(10) NOT NULL,
  `nama_store` varchar(30) NOT NULL
) ENGINE=InnoDB DEFAULT CHARSET=latin1;

-- --------------------------------------------------------

--
-- Table structure for table `tbl_tipe`
--

CREATE TABLE `tbl_tipe` (
  `id_tipe` int(10) NOT NULL,
  `nama_tipe` varchar(30) NOT NULL,
  `kode_tipe` varchar(10) NOT NULL
) ENGINE=InnoDB DEFAULT CHARSET=latin1;

--
-- Dumping data for table `tbl_tipe`
--

INSERT INTO `tbl_tipe` (`id_tipe`, `nama_tipe`, `kode_tipe`) VALUES
(1, 'ACRYLIC ACNE SERIES & WS & RY', '05'),
(2, 'ACRYLIC BASE MAKE UP', '01'),
(3, 'ACRYLIC BASIC SERIES & PERSONA', '06'),
(4, 'ACRYLIC BASIC SERIES & PERSONA', '06'),
(5, 'ACRYLIC BASIC SERIES & PERSONA', '06'),
(6, 'ACRYLIC DECORATIVE', '02'),
(7, 'ACRYLIC EXCLUSIVE SERIES', '03'),
(8, 'ACRYLIC LIGHTENING SERIES', '04'),
(9, 'ACRYLIC SCENTSATION', '07'),
(10, 'ACRYLIC SPA SERIES', '08'),
(11, 'BACKDROP', '01'),
(12, 'BACKWALL', '01'),
(13, 'KURSI', '04'),
(14, 'MEJA TESTER', '14'),
(15, '', ''),
(16, 'STORAGE', '01'),
(17, 'MEJA KONSULTASI', '02'),
(18, 'FLOOR STAND UNIT', '02'),
(19, 'LAIN – LAIN', '02'),
(20, 'GONDOLA', '03'),
(21, 'STAGE', '02'),
(22, 'MEJA RIAS', '01'),
(23, 'TOWER', '02'),
(24, 'PARTISI', '02'),
(25, 'PUSHCART', '03'),
(26, 'MEJA DISPLAY', '01'),
(27, 'VITRIN', '03'),
(28, 'ACRYLIC ACNE SERIES, WS&RY', '05'),
(29, 'ACRYLIC BASIC SERIES & PERSONA', '06'),
(30, 'ACRYLIC BASIC SERIES & PERSONA', '06'),
(31, 'ACRYLIC BASIC SERIES & PERSONA', '06'),
(32, 'ACRYLIC BASIC SERIES & PERSONA', '06'),
(33, 'ACRYLIC BASIC SERIES & PERSONA', '06'),
(34, 'ACRYLIC BASIC SERIES & PERSONA', '06'),
(35, 'ACRYLIC BASIC SERIES & PERSONA', '06'),
(36, 'ACRYLIC BASIC SERIES & PERSONA', '06'),
(37, 'ACRYLIC BASIC SERIES & PERSONA', '06'),
(38, 'ACRYLIC BASIC SERIES & PERSONA', '06'),
(39, 'ACRYLIC BASIC SERIES & PERSONA', '06'),
(40, 'ACRYLIC BASIC SERIES & PERSONA', '06'),
(41, 'ACRYLIC BASIC SERIES & PERSONA', '06'),
(42, 'ACRYLIC BASIC SERIES & PERSONA', '06'),
(43, 'ACRYLIC BASIC SERIES & PERSONA', '06'),
(44, 'ACRYLIC MEJA RIAS EXCLUSIVE', '09'),
(45, 'ACRYLIC MEJA RIAS EYES & LIPS', '10'),
(46, 'ACRYLIC MEJA RIAS LUMINOUS SER', '11'),
(47, 'ACRYLIC MEJA RIAS LUMINOUS SER', '11'),
(48, 'ACRYLIC MEJA RIAS LUMINOUS SER', '11'),
(49, 'ACRYLIC MEJA RIAS LUMINOUS SER', '11'),
(50, 'ACRYLIC MEJA RIAS LUMINOUS SER', '11'),
(51, 'ACRYLIC MEJA RIAS LUMINOUS SER', '11'),
(52, 'ACRYLIC TESTER CM LIP', '12'),
(53, 'ACRYLIC TESTER CM FACE', '13'),
(54, 'ACRYLIC TESTER CM EYE', '14'),
(55, 'ACRYLIC TESTER CM RENEW YOU', '15'),
(56, 'ACRYLIC TESTER CM WHITE SECRET', '16'),
(57, 'SIGNAGE', '01'),
(58, 'Akrilik meja tester bulat', '17'),
(59, 'ACRYLIC GRAND TESTER', '18'),
(60, 'ACRYLIC LOOK MOODBOOTH', '19'),
(61, 'ACRYLIC MEJA RIAS LUMINOUS SER', '11'),
(62, 'ACRYLIC MEJA RIAS LUMINOUS SER', '11'),
(63, 'ACRYLIC LIP BAR', '20'),
(64, 'EASEL', '01'),
(65, 'ACRYLIC LOGO WARDAH', '21'),
(66, 'ACRYLIC WARDAH INSPIRING COMPE', '22'),
(67, 'NEON SLING', '1'),
(68, 'STAGE BORDER UK.5X4M', '3'),
(69, 'MEJA RIAS PUTIH', '19'),
(70, 'ACRYLIC PLAYDATE', '23');

-- --------------------------------------------------------

--
-- Table structure for table `tbl_vendor`
--

CREATE TABLE `tbl_vendor` (
  `id_vendor` int(10) NOT NULL,
  `nama_vendor` varchar(30) NOT NULL
) ENGINE=InnoDB DEFAULT CHARSET=latin1;

--
-- Dumping data for table `tbl_vendor`
--

INSERT INTO `tbl_vendor` (`id_vendor`, `nama_vendor`) VALUES
(1, 'PENTAPRIMA'),
(2, 'SENSASI'),
(3, '8 DIMENSI'),
(4, 'ARCON'),
(5, 'MAGGIOLLINI'),
(6, '');

-- --------------------------------------------------------

--
-- Table structure for table `tbl_warehouse`
--

CREATE TABLE `tbl_warehouse` (
  `id_warehouse` int(10) NOT NULL,
  `nama_warehouse` varchar(30) NOT NULL
) ENGINE=InnoDB DEFAULT CHARSET=latin1;

--
-- Dumping data for table `tbl_warehouse`
--

INSERT INTO `tbl_warehouse` (`id_warehouse`, `nama_warehouse`) VALUES
(1, 'BEKASI'),
(2, 'YOGYAKARTA'),
(3, 'SURABAYA'),
(4, 'BANDUNG'),
(5, 'MEDAN'),
(6, ''),
(7, 'DEPOK');

--
-- Indexes for dumped tables
--

--
-- Indexes for table `tbl_brand`
--
ALTER TABLE `tbl_brand`
  ADD PRIMARY KEY (`id_brand`);

--
-- Indexes for table `tbl_detail`
--
ALTER TABLE `tbl_detail`
  ADD PRIMARY KEY (`id_detail`);

--
-- Indexes for table `tbl_fixture`
--
ALTER TABLE `tbl_fixture`
  ADD PRIMARY KEY (`id_fixture`);

--
-- Indexes for table `tbl_history`
--
ALTER TABLE `tbl_history`
  ADD PRIMARY KEY (`id_history`);

--
-- Indexes for table `tbl_inventory`
--
ALTER TABLE `tbl_inventory`
  ADD PRIMARY KEY (`id_inventory`);

--
-- Indexes for table `tbl_pinjam`
--
ALTER TABLE `tbl_pinjam`
  ADD PRIMARY KEY (`id_pinjam`);

--
-- Indexes for table `tbl_status`
--
ALTER TABLE `tbl_status`
  ADD PRIMARY KEY (`id_status`);

--
-- Indexes for table `tbl_store`
--
ALTER TABLE `tbl_store`
  ADD PRIMARY KEY (`id_store`);

--
-- Indexes for table `tbl_tipe`
--
ALTER TABLE `tbl_tipe`
  ADD PRIMARY KEY (`id_tipe`);

--
-- Indexes for table `tbl_vendor`
--
ALTER TABLE `tbl_vendor`
  ADD PRIMARY KEY (`id_vendor`);

--
-- Indexes for table `tbl_warehouse`
--
ALTER TABLE `tbl_warehouse`
  ADD PRIMARY KEY (`id_warehouse`);

--
-- AUTO_INCREMENT for dumped tables
--

--
-- AUTO_INCREMENT for table `tbl_brand`
--
ALTER TABLE `tbl_brand`
  MODIFY `id_brand` int(10) NOT NULL AUTO_INCREMENT, AUTO_INCREMENT=5;

--
-- AUTO_INCREMENT for table `tbl_detail`
--
ALTER TABLE `tbl_detail`
  MODIFY `id_detail` int(100) NOT NULL AUTO_INCREMENT, AUTO_INCREMENT=137;

--
-- AUTO_INCREMENT for table `tbl_fixture`
--
ALTER TABLE `tbl_fixture`
  MODIFY `id_fixture` int(10) NOT NULL AUTO_INCREMENT, AUTO_INCREMENT=173;

--
-- AUTO_INCREMENT for table `tbl_history`
--
ALTER TABLE `tbl_history`
  MODIFY `id_history` int(30) NOT NULL AUTO_INCREMENT;

--
-- AUTO_INCREMENT for table `tbl_inventory`
--
ALTER TABLE `tbl_inventory`
  MODIFY `id_inventory` int(100) NOT NULL AUTO_INCREMENT, AUTO_INCREMENT=2089;

--
-- AUTO_INCREMENT for table `tbl_pinjam`
--
ALTER TABLE `tbl_pinjam`
  MODIFY `id_pinjam` int(10) NOT NULL AUTO_INCREMENT;

--
-- AUTO_INCREMENT for table `tbl_status`
--
ALTER TABLE `tbl_status`
  MODIFY `id_status` int(2) NOT NULL AUTO_INCREMENT, AUTO_INCREMENT=4;

--
-- AUTO_INCREMENT for table `tbl_store`
--
ALTER TABLE `tbl_store`
  MODIFY `id_store` int(10) NOT NULL AUTO_INCREMENT;

--
-- AUTO_INCREMENT for table `tbl_tipe`
--
ALTER TABLE `tbl_tipe`
  MODIFY `id_tipe` int(10) NOT NULL AUTO_INCREMENT, AUTO_INCREMENT=71;

--
-- AUTO_INCREMENT for table `tbl_vendor`
--
ALTER TABLE `tbl_vendor`
  MODIFY `id_vendor` int(10) NOT NULL AUTO_INCREMENT, AUTO_INCREMENT=7;

--
-- AUTO_INCREMENT for table `tbl_warehouse`
--
ALTER TABLE `tbl_warehouse`
  MODIFY `id_warehouse` int(10) NOT NULL AUTO_INCREMENT, AUTO_INCREMENT=8;
COMMIT;

/*!40101 SET CHARACTER_SET_CLIENT=@OLD_CHARACTER_SET_CLIENT */;
/*!40101 SET CHARACTER_SET_RESULTS=@OLD_CHARACTER_SET_RESULTS */;
/*!40101 SET COLLATION_CONNECTION=@OLD_COLLATION_CONNECTION */;
